,filename,beginposition,relativeorbitnumber,cloudcoverpercentage,orbitdirection,tileid,tileid_acquisitiondate,month,day_of_year,year
4e172808-5f62-4174-b7ec-68519a2b83d9,S2B_MSIL2A_20230510T104629_N0509_R051_T31UDP_20230510T121504.SAFE,2023-05-10 10:46:29.024,51,96.999085,ASCENDING,T31UDP,T31UDP_20230510T104629,05,130,2023
287bd2f8-c9ad-4912-b400-8a9ec91a4761,S2A_MSIL2A_20230505T104621_N0509_R051_T31UDP_20230505T152056.SAFE,2023-05-05 10:46:21.024,51,67.369002,ASCENDING,T31UDP,T31UDP_20230505T104621,05,125,2023
b134aafc-6b34-4b3e-af0c-2e4592184821,S2B_MSIL2A_20230430T104619_N0509_R051_T31UDP_20230430T122918.SAFE,2023-04-30 10:46:19.024,51,94.61686,ASCENDING,T31UDP,T31UDP_20230430T104619,04,120,2023
3788173b-e3d0-4103-942d-8bfca9e92357,S2A_MSIL2A_20230425T104621_N0509_R051_T31UDP_20230425T150858.SAFE,2023-04-25 10:46:21.024,51,99.56262700000002,ASCENDING,T31UDP,T31UDP_20230425T104621,04,115,2023
7e72d2e1-241d-452d-89a5-61f6c6b0a5a7,S2B_MSIL2A_20230420T104619_N0509_R051_T31UDP_20230420T122124.SAFE,2023-04-20 10:46:19.024,51,20.284976,ASCENDING,T31UDP,T31UDP_20230420T104619,04,110,2023
2fa21ed6-557e-4163-897c-cd1c0903c9cb,S2A_MSIL2A_20230415T104621_N0509_R051_T31UDP_20230415T165855.SAFE,2023-04-15 10:46:21.024,51,99.9439,ASCENDING,T31UDP,T31UDP_20230415T104621,04,105,2023
4b82aeac-111f-471a-b1ae-9f5763d8d067,S2B_MSIL2A_20230410T104619_N0509_R051_T31UDP_20230410T122439.SAFE,2023-04-10 10:46:19.024,51,100.0,ASCENDING,T31UDP,T31UDP_20230410T104619,04,100,2023
641a4807-ecbe-439b-ab8d-028f161171d3,S2A_MSIL2A_20230405T105031_N0509_R051_T31UDP_20230405T162253.SAFE,2023-04-05 10:50:31.024,51,20.93866,DESCENDING,T31UDP,T31UDP_20230405T105031,04,095,2023
f99688e1-2660-470d-bc4f-7553c016b9af,S2B_MSIL2A_20230331T104629_N0509_R051_T31UDP_20230331T135550.SAFE,2023-03-31 10:46:29.025,51,95.398277,DESCENDING,T31UDP,T31UDP_20230331T104629,03,090,2023
d6a810dc-c4b1-4d22-a850-8d43ea83da17,S2A_MSIL2A_20230326T104701_N0509_R051_T31UDP_20230326T165657.SAFE,2023-03-26 10:47:01.024,51,73.822969,DESCENDING,T31UDP,T31UDP_20230326T104701,03,085,2023
36bc6fa7-aa4f-4353-8b77-27f01f4cbbec,S2B_MSIL2A_20230321T104649_N0509_R051_T31UDP_20230321T135237.SAFE,2023-03-21 10:46:49.025,51,86.163855,DESCENDING,T31UDP,T31UDP_20230321T104649,03,080,2023
1a8a1d00-cb82-4002-ae56-dfe85acb2492,S2A_MSIL2A_20230316T104801_N0509_R051_T31UDP_20230316T165055.SAFE,2023-03-16 10:48:01.024,51,91.376221,DESCENDING,T31UDP,T31UDP_20230316T104801,03,075,2023
ad083565-c066-404e-b11c-f726be4d17a1,S2B_MSIL2A_20230311T104749_N0509_R051_T31UDP_20230311T140459.SAFE,2023-03-11 10:47:49.025,51,85.643935,DESCENDING,T31UDP,T31UDP_20230311T104749,03,070,2023
a6df9558-be37-4137-959c-e3a09daddfb8,S2A_MSIL2A_20230306T104921_N0509_R051_T31UDP_20230306T170559.SAFE,2023-03-06 10:49:21.024,51,93.347019,DESCENDING,T31UDP,T31UDP_20230306T104921,03,065,2023
81be86b2-4ec2-45e1-a700-26f3e3ddb525,S2B_MSIL2A_20230301T104859_N0509_R051_T31UDP_20230301T135211.SAFE,2023-03-01 10:48:59.025,51,42.826453,DESCENDING,T31UDP,T31UDP_20230301T104859,03,060,2023
dc042f8e-fb93-455e-b72e-31d4e2ab9cdb,S2A_MSIL2A_20230224T105031_N0509_R051_T31UDP_20230224T170756.SAFE,2023-02-24 10:50:31.024,51,97.14685100000001,DESCENDING,T31UDP,T31UDP_20230224T105031,02,055,2023
f3c13636-3361-4a57-9a8b-236a223890bb,S2B_MSIL2A_20230219T105009_N0509_R051_T31UDP_20230219T135319.SAFE,2023-02-19 10:50:09.024,51,95.942551,DESCENDING,T31UDP,T31UDP_20230219T105009,02,050,2023
057f8600-8828-4d70-8724-6072768ed11d,S2A_MSIL2A_20230214T105141_N0509_R051_T31UDP_20230214T171054.SAFE,2023-02-14 10:51:41.024,51,0.016981,DESCENDING,T31UDP,T31UDP_20230214T105141,02,045,2023
40e4a55c-8d04-41de-bf8b-dfd3d44662f4,S2B_MSIL2A_20230209T105109_N0509_R051_T31UDP_20230209T134831.SAFE,2023-02-09 10:51:09.024,51,45.617774,DESCENDING,T31UDP,T31UDP_20230209T105109,02,040,2023
af21fe77-8e9f-4c62-91dc-577bbbde8c0d,S2A_MSIL2A_20230204T105241_N0509_R051_T31UDP_20230204T170158.SAFE,2023-02-04 10:52:41.024,51,86.788553,DESCENDING,T31UDP,T31UDP_20230204T105241,02,035,2023
6c82ab5e-e7be-4fc4-8cec-5dce64c87d1c,S2B_MSIL2A_20230130T105209_N0509_R051_T31UDP_20230130T121428.SAFE,2023-01-30 10:52:09.024,51,99.98798999999998,DESCENDING,T31UDP,T31UDP_20230130T105209,01,030,2023
51ff042b-296f-43fc-8d08-3cbad10a4011,S2A_MSIL2A_20230125T105331_N0509_R051_T31UDP_20230125T165502.SAFE,2023-01-25 10:53:31.024,51,99.998379,DESCENDING,T31UDP,T31UDP_20230125T105331,01,025,2023
07711dd4-37d5-4f8a-bf9f-2bf20e230c77,S2B_MSIL2A_20230120T105249_N0509_R051_T31UDP_20230120T122057.SAFE,2023-01-20 10:52:49.024,51,96.211863,DESCENDING,T31UDP,T31UDP_20230120T105249,01,020,2023
279ab529-3a26-4f32-badd-9c0c9ddd927d,S2A_MSIL2A_20230115T105411_N0509_R051_T31UDP_20230115T170300.SAFE,2023-01-15 10:54:11.024,51,10.114326,DESCENDING,T31UDP,T31UDP_20230115T105411,01,015,2023
aba9d6f0-029f-4dbe-b6c6-cf1fc90259e0,S2B_MSIL2A_20230110T105329_N0509_R051_T31UDP_20230110T123346.SAFE,2023-01-10 10:53:29.024,51,99.999946,DESCENDING,T31UDP,T31UDP_20230110T105329,01,010,2023
1faceb9e-5ab4-483f-9256-05541541e77e,S2A_MSIL2A_20230105T105431_N0509_R051_T31UDP_20230105T170358.SAFE,2023-01-05 10:54:31.024,51,99.995077,DESCENDING,T31UDP,T31UDP_20230105T105431,01,005,2023
fad1d63f-f972-4ab7-ad3d-2878932e623e,S2B_MSIL2A_20221231T105349_N0509_R051_T31UDP_20221231T122206.SAFE,2022-12-31 10:53:49.024,51,99.99976199999999,DESCENDING,T31UDP,T31UDP_20221231T105349,12,365,2022
26f72a56-3316-42ec-b1c5-09ffaab96440,S2A_MSIL2A_20221226T105451_N0509_R051_T31UDP_20221226T135457.SAFE,2022-12-26 10:54:51.024,51,100.0,DESCENDING,T31UDP,T31UDP_20221226T105451,12,360,2022
324ea8d7-5a8c-4342-bd74-4161ce95aa05,S2B_MSIL2A_20221221T105349_N0509_R051_T31UDP_20221221T122024.SAFE,2022-12-21 10:53:49.024,51,98.268765,DESCENDING,T31UDP,T31UDP_20221221T105349,12,355,2022
a0b3c0aa-9381-4a08-a7d8-56a499d1a26f,S2A_MSIL2A_20221216T105441_N0509_R051_T31UDP_20221216T165401.SAFE,2022-12-16 10:54:41.024,51,23.75565,DESCENDING,T31UDP,T31UDP_20221216T105441,12,350,2022
c22a36af-4a62-4b45-81fe-651e4dab3667,S2A_MSIL2A_20220709T105041_N0509_R051_T31UDP_20221214T145059.SAFE,2022-07-09 10:50:41.024,51,4.335075,DESCENDING,T31UDP,T31UDP_20220709T105041,07,190,2022
2ff0c8ed-512e-446a-a86e-7d390f113244,S2B_MSIL2A_20221211T105339_N0509_R051_T31UDP_20221211T122517.SAFE,2022-12-11 10:53:39.024,51,66.169935,DESCENDING,T31UDP,T31UDP_20221211T105339,12,345,2022
b9447622-cf49-4904-9aa6-697571eb5f8e,S2A_MSIL2A_20221206T105431_N0509_R051_T31UDP_20221206T170601.SAFE,2022-12-06 10:54:31.024,51,97.441864,DESCENDING,T31UDP,T31UDP_20221206T105431,12,340,2022
083f4df5-aa69-4092-b4ce-bf75beb469b1,S2B_MSIL2A_20221201T105319_N0400_R051_T31UDP_20221201T133909.SAFE,2022-12-01 10:53:19.024,51,97.754306,DESCENDING,T31UDP,T31UDP_20221201T105319,12,335,2022
dc5a12e6-adf0-4c58-a690-6e4b448c1f3c,S2A_MSIL2A_20221126T105401_N0400_R051_T31UDP_20221126T170312.SAFE,2022-11-26 10:54:01.024,51,99.900693,DESCENDING,T31UDP,T31UDP_20221126T105401,11,330,2022
2e69fe4f-40b1-4a54-b136-ea361b8292d7,S2B_MSIL2A_20221121T105249_N0400_R051_T31UDP_20221121T120820.SAFE,2022-11-21 10:52:49.024,51,100.0,DESCENDING,T31UDP,T31UDP_20221121T105249,11,325,2022
a232cbc1-d777-4147-b1ac-f6edffdb4931,S2A_MSIL2A_20221116T105321_N0400_R051_T31UDP_20221116T170958.SAFE,2022-11-16 10:53:21.024,51,99.095798,DESCENDING,T31UDP,T31UDP_20221116T105321,11,320,2022
3aac819e-13f9-4747-8898-255228b369f4,S2B_MSIL2A_20221111T105209_N0400_R051_T31UDP_20221111T123053.SAFE,2022-11-11 10:52:09.024,51,62.008184,DESCENDING,T31UDP,T31UDP_20221111T105209,11,315,2022
b2864030-10fd-4f3b-ad02-b3c41f9c974c,S2A_MSIL2A_20221106T105241_N0400_R051_T31UDP_20221106T165559.SAFE,2022-11-06 10:52:41.024,51,99.983811,DESCENDING,T31UDP,T31UDP_20221106T105241,11,310,2022
df55c1d9-085b-4aa3-8863-a33c75394a75,S2B_MSIL2A_20221101T105109_N0400_R051_T31UDP_20221101T120623.SAFE,2022-11-01 10:51:09.024,51,2.394498,DESCENDING,T31UDP,T31UDP_20221101T105109,11,305,2022
3269d549-6af3-47ae-a495-c2bb4bad1dd6,S2A_MSIL2A_20221027T105141_N0400_R051_T31UDP_20221027T170259.SAFE,2022-10-27 10:51:41.024,51,93.576276,DESCENDING,T31UDP,T31UDP_20221027T105141,10,300,2022
24f50d29-a7a8-48a3-8ef3-76b46bb5e164,S2B_MSIL2A_20221022T105009_N0400_R051_T31UDP_20221022T134101.SAFE,2022-10-22 10:50:09.024,51,21.781307,DESCENDING,T31UDP,T31UDP_20221022T105009,10,295,2022
4886fe98-7515-4b11-9adb-e09b1c7901b1,S2A_MSIL2A_20221017T105041_N0400_R051_T31UDP_20221017T170159.SAFE,2022-10-17 10:50:41.024,51,99.278766,DESCENDING,T31UDP,T31UDP_20221017T105041,10,290,2022
67ccf105-2c2e-4107-9cd6-f486fd945394,S2B_MSIL2A_20221012T104909_N0400_R051_T31UDP_20221012T134721.SAFE,2022-10-12 10:49:09.024,51,53.207433,DESCENDING,T31UDP,T31UDP_20221012T104909,10,285,2022
51cda036-c914-4835-94bb-2a7b19e383de,S2A_MSIL2A_20221007T104931_N0400_R051_T31UDP_20221007T170201.SAFE,2022-10-07 10:49:31.025,51,47.396544,DESCENDING,T31UDP,T31UDP_20221007T104931,10,280,2022
bdf5b79a-add9-4b98-b0ea-335a28243056,S2B_MSIL2A_20221002T104759_N0400_R051_T31UDP_20221002T134509.SAFE,2022-10-02 10:47:59.024,51,96.857619,DESCENDING,T31UDP,T31UDP_20221002T104759,10,275,2022
724a823f-1855-4a8d-aeba-853331fc87cd,S2A_MSIL2A_20220927T104821_N0400_R051_T31UDP_20220927T165858.SAFE,2022-09-27 10:48:21.024,51,93.177718,DESCENDING,T31UDP,T31UDP_20220927T104821,09,270,2022
7ddcefde-e773-4ba0-b4f2-7995bb8ceffb,S2B_MSIL2A_20220922T104649_N0400_R051_T31UDP_20220922T133521.SAFE,2022-09-22 10:46:49.024,51,8.682028,DESCENDING,T31UDP,T31UDP_20220922T104649,09,265,2022
518a9c47-5350-4c10-9081-dc2de28a69c0,S2B_MSIL2A_20220912T104629_N0400_R051_T31UDP_20220912T134234.SAFE,2022-09-12 10:46:29.024,51,36.590311,DESCENDING,T31UDP,T31UDP_20220912T104629,09,255,2022
10b8e8bb-8c76-4bd4-9a12-0b65a82acfdb,S2A_MSIL2A_20220907T105041_N0400_R051_T31UDP_20220907T165703.SAFE,2022-09-07 10:50:41.024,51,100.0,DESCENDING,T31UDP,T31UDP_20220907T105041,09,250,2022
e54aa4aa-0b81-423b-b31e-cfb9ae5807fc,S2B_MSIL2A_20220902T104619_N0400_R051_T31UDP_20220902T121749.SAFE,2022-09-02 10:46:19.024,51,93.240869,ASCENDING,T31UDP,T31UDP_20220902T104619,09,245,2022
156180c8-5249-4364-a808-6e917b3a1acb,S2A_MSIL2A_20220828T104631_N0400_R051_T31UDP_20220828T184000.SAFE,2022-08-28 10:46:31.024,51,42.023697,ASCENDING,T31UDP,T31UDP_20220828T104631,08,240,2022
5b278173-2b91-482f-a264-cb4e35d7f28a,S2B_MSIL2A_20220823T104619_N0400_R051_T31UDP_20220823T134430.SAFE,2022-08-23 10:46:19.024,51,82.635623,DESCENDING,T31UDP,T31UDP_20220823T104619,08,235,2022
2165bf04-82ad-4813-894f-af6780297612,S2A_MSIL2A_20220818T104631_N0400_R051_T31UDP_20220818T171757.SAFE,2022-08-18 10:46:31.024,51,24.673747,ASCENDING,T31UDP,T31UDP_20220818T104631,08,230,2022
ea8ed130-0070-4259-8eae-9f3ea23671aa,S2B_MSIL2A_20220813T104629_N0400_R051_T31UDP_20220813T122218.SAFE,2022-08-13 10:46:29.024,51,0.002094,ASCENDING,T31UDP,T31UDP_20220813T104629,08,225,2022
ee80adae-8ff7-458d-8694-266469fb1fec,S2A_MSIL2A_20220808T104631_N0400_R051_T31UDP_20220808T165600.SAFE,2022-08-08 10:46:31.024,51,0.678624,ASCENDING,T31UDP,T31UDP_20220808T104631,08,220,2022
a1641144-9bd9-41fe-bf54-caeb45dd065c,S2B_MSIL2A_20220803T104629_N0400_R051_T31UDP_20220803T122243.SAFE,2022-08-03 10:46:29.024,51,0.001579,ASCENDING,T31UDP,T31UDP_20220803T104629,08,215,2022
77fcbfd5-24b9-4d92-8db7-166f999b9150,S2A_MSIL2A_20220729T104631_N0400_R051_T31UDP_20220729T184305.SAFE,2022-07-29 10:46:31.024,51,16.820714,DESCENDING,T31UDP,T31UDP_20220729T104631,07,210,2022
b1ee7fd3-f645-444a-9604-46df67566ba6,S2B_MSIL2A_20220724T104629_N0400_R051_T31UDP_20220724T123114.SAFE,2022-07-24 10:46:29.024,51,3.627709,ASCENDING,T31UDP,T31UDP_20220724T104629,07,205,2022
c42197b5-7838-4a20-8330-607b3eab2994,S2A_MSIL2A_20220719T105041_N0400_R051_T31UDP_20220719T170208.SAFE,2022-07-19 10:50:41.025,51,0.002057,DESCENDING,T31UDP,T31UDP_20220719T105041,07,200,2022
ab1a40fe-235c-4c62-aec1-25c5a75d4db6,S2B_MSIL2A_20220714T104629_N0400_R051_T31UDP_20220714T134329.SAFE,2022-07-14 10:46:29.024,51,84.465003,DESCENDING,T31UDP,T31UDP_20220714T104629,07,195,2022
ed3fd991-70fe-40e4-8949-59a6b49b9563,S2B_MSIL2A_20220704T104629_N0400_R051_T31UDP_20220704T123505.SAFE,2022-07-04 10:46:29.024,51,14.674164,ASCENDING,T31UDP,T31UDP_20220704T104629,07,185,2022
4d5e48b6-838f-4330-9294-64e0ddb0109d,S2A_MSIL2A_20220629T104631_N0400_R051_T31UDP_20220629T170417.SAFE,2022-06-29 10:46:31.024,51,21.459863,ASCENDING,T31UDP,T31UDP_20220629T104631,06,180,2022
ab770a05-62b8-4757-a0e4-047621ee4361,S2B_MSIL2A_20220624T104629_N0400_R051_T31UDP_20220624T122953.SAFE,2022-06-24 10:46:29.024,51,93.437195,ASCENDING,T31UDP,T31UDP_20220624T104629,06,175,2022
24c5460e-5c1d-460a-857f-63d73d28aed4,S2A_MSIL2A_20220619T104631_N0400_R051_T31UDP_20220619T173719.SAFE,2022-06-19 10:46:31.024,51,2.8893400000000002,ASCENDING,T31UDP,T31UDP_20220619T104631,06,170,2022
bb731eb0-cd00-4064-8b91-41694a4e015a,S2B_MSIL2A_20220614T104629_N0400_R051_T31UDP_20220614T141011.SAFE,2022-06-14 10:46:29.024,51,78.14787,ASCENDING,T31UDP,T31UDP_20220614T104629,06,165,2022
d35b7a4d-adb6-4bf6-8b93-e28847851591,S2A_MSIL2A_20220609T104631_N0400_R051_T31UDP_20220609T171618.SAFE,2022-06-09 10:46:31.024,51,92.040598,ASCENDING,T31UDP,T31UDP_20220609T104631,06,160,2022
e9009ac0-89d7-4e14-8c27-a6c236ec5996,S2B_MSIL2A_20220604T104619_N0400_R051_T31UDP_20220604T124954.SAFE,2022-06-04 10:46:19.024,51,5.033537,ASCENDING,T31UDP,T31UDP_20220604T104619,06,155,2022
fbbce9a9-0864-4c69-b4cd-6b49c3e8a403,S2A_MSIL2A_20220530T104631_N0400_R051_T31UDP_20220530T173017.SAFE,2022-05-30 10:46:31.024,51,47.074603999999994,ASCENDING,T31UDP,T31UDP_20220530T104631,05,150,2022
119b44ec-8ef2-4e9c-b99f-0977a7829cd7,S2B_MSIL2A_20220525T104619_N0400_R051_T31UDP_20220525T124346.SAFE,2022-05-25 10:46:19.024,51,40.450636,ASCENDING,T31UDP,T31UDP_20220525T104619,05,145,2022
ec214731-518c-4ca2-a5e8-0f1583781880,S2A_MSIL2A_20220520T104631_N0400_R051_T31UDP_20220520T170718.SAFE,2022-05-20 10:46:31.024,51,88.857299,ASCENDING,T31UDP,T31UDP_20220520T104631,05,140,2022
c76be218-247b-45e8-a7fb-63caf2626fba,S2B_MSIL2A_20220515T104619_N0400_R051_T31UDP_20220515T125210.SAFE,2022-05-15 10:46:19.024,51,28.364697,ASCENDING,T31UDP,T31UDP_20220515T104619,05,135,2022
e011f4da-ac45-4d78-9c76-2e8ceb2d1a8d,S2A_MSIL2A_20220510T104621_N0400_R051_T31UDP_20220510T174921.SAFE,2022-05-10 10:46:21.024,51,17.249617,DESCENDING,T31UDP,T31UDP_20220510T104621,05,130,2022
75ec7c32-00f5-47a2-87ff-ebbf1b61fc96,S2B_MSIL2A_20220505T104619_N0400_R051_T31UDP_20220505T125034.SAFE,2022-05-05 10:46:19.024,51,77.657354,ASCENDING,T31UDP,T31UDP_20220505T104619,05,125,2022
bf137bb8-f7b5-4136-afa5-2d4ac94a27d2,S2A_MSIL2A_20220430T104631_N0400_R051_T31UDP_20220430T165415.SAFE,2022-04-30 10:46:31.024,51,18.413047,DESCENDING,T31UDP,T31UDP_20220430T104631,04,120,2022
7b82d73e-387f-4e5c-ac50-9edbfa66821e,S2B_MSIL2A_20220425T104619_N0400_R051_T31UDP_20220425T133203.SAFE,2022-04-25 10:46:19.024,51,54.06483999999999,ASCENDING,T31UDP,T31UDP_20220425T104619,04,115,2022
0e002ea9-e60d-4023-8282-a7e92d342ce6,S2A_MSIL2A_20220420T104631_N0400_R051_T31UDP_20220420T175659.SAFE,2022-04-20 10:46:31.024,51,79.805654,ASCENDING,T31UDP,T31UDP_20220420T104631,04,110,2022
0108acf5-a138-42e4-bb4a-4500367d36e8,S2B_MSIL2A_20220415T104619_N0400_R051_T31UDP_20220415T132040.SAFE,2022-04-15 10:46:19.024,51,12.521422,ASCENDING,T31UDP,T31UDP_20220415T104619,04,105,2022
2bd9d5a6-3451-4b08-814d-f83230473f8a,S2A_MSIL2A_20220410T104621_N0400_R051_T31UDP_20220410T150356.SAFE,2022-04-10 10:46:21.024,51,43.51359,DESCENDING,T31UDP,T31UDP_20220410T104621,04,100,2022
55cc1937-297c-45e0-b255-89eb5e38d8b3,S2B_MSIL2A_20220405T104619_N0400_R051_T31UDP_20220405T142655.SAFE,2022-04-05 10:46:19.024,51,99.896377,DESCENDING,T31UDP,T31UDP_20220405T104619,04,095,2022
158e9899-7848-4173-83ae-e90b936c4463,S2A_MSIL2A_20220331T104621_N0400_R051_T31UDP_20220331T141956.SAFE,2022-03-31 10:46:21.024,51,99.947512,DESCENDING,T31UDP,T31UDP_20220331T104621,03,090,2022
d80eabf3-f37e-45d2-9822-945ef75913cc,S2B_MSIL2A_20220326T104639_N0400_R051_T31UDP_20220326T132703.SAFE,2022-03-26 10:46:39.024,51,0.948776,ASCENDING,T31UDP,T31UDP_20220326T104639,03,085,2022
2dc36707-20b4-44ab-b022-755d9996054e,S2A_MSIL2A_20220321T104731_N0400_R051_T31UDP_20220321T145616.SAFE,2022-03-21 10:47:31.024,51,0.698574,DESCENDING,T31UDP,T31UDP_20220321T104731,03,080,2022
c7e9c5fc-d1bf-4982-bfaf-0926ad1460ee,S2B_MSIL2A_20220316T104709_N0400_R051_T31UDP_20220316T125014.SAFE,2022-03-16 10:47:09.024,51,100.0,DESCENDING,T31UDP,T31UDP_20220316T104709,03,075,2022
f17a1390-302d-4401-9112-149a4b0c5246,S2A_MSIL2A_20220311T104841_N0400_R051_T31UDP_20220311T145609.SAFE,2022-03-11 10:48:41.024,51,99.999142,DESCENDING,T31UDP,T31UDP_20220311T104841,03,070,2022
264d4f73-581f-4c95-b4f9-ba0d0d7ba46d,S2B_MSIL2A_20220306T104819_N0400_R051_T31UDP_20220306T142351.SAFE,2022-03-06 10:48:19.024,51,6.087262999999999,DESCENDING,T31UDP,T31UDP_20220306T104819,03,065,2022
a5a68848-1c4f-4b17-b96e-70d5b327bdaf,S2A_MSIL2A_20220301T105001_N0400_R051_T31UDP_20220301T150143.SAFE,2022-03-01 10:50:01.025,51,92.521209,DESCENDING,T31UDP,T31UDP_20220301T105001,03,060,2022
a6a511d4-8723-4378-a01d-d484955a03c4,S2B_MSIL2A_20220224T104929_N0400_R051_T31UDP_20220224T142912.SAFE,2022-02-24 10:49:29.024,51,75.136328,DESCENDING,T31UDP,T31UDP_20220224T104929,02,055,2022
54946c5e-249f-4c63-a0ce-56ff503a52f0,S2A_MSIL2A_20220219T105101_N0400_R051_T31UDP_20220219T160313.SAFE,2022-02-19 10:51:01.024,51,3.2610360000000003,DESCENDING,T31UDP,T31UDP_20220219T105101,02,050,2022
4be9d57b-f812-48a4-8a1c-81faada76889,S2B_MSIL2A_20220214T105039_N0400_R051_T31UDP_20220214T124608.SAFE,2022-02-14 10:50:39.024,51,78.03846,DESCENDING,T31UDP,T31UDP_20220214T105039,02,045,2022
dfec4d3d-6836-42e7-a655-25730cf0e456,S2A_MSIL2A_20220209T105211_N0400_R051_T31UDP_20220209T155525.SAFE,2022-02-09 10:52:11.024,51,0.00426,DESCENDING,T31UDP,T31UDP_20220209T105211,02,040,2022
35329d27-916b-4c1f-96e9-23534a3d34f4,S2B_MSIL2A_20220204T105139_N0400_R051_T31UDP_20220204T124851.SAFE,2022-02-04 10:51:39.024,51,99.751377,DESCENDING,T31UDP,T31UDP_20220204T105139,02,035,2022
b2db60fb-2a05-48db-8001-c3c214dbea90,S2A_MSIL2A_20220130T105301_N0400_R051_T31UDP_20220130T155707.SAFE,2022-01-30 10:53:01.024,51,14.068785,DESCENDING,T31UDP,T31UDP_20220130T105301,01,030,2022
31e9f3a8-cb18-4803-9d75-26be9547a5c5,S2B_MSIL2A_20220125T105229_N0400_R051_T31UDP_20220125T151458.SAFE,2022-01-25 10:52:29.024,51,100.0,DESCENDING,T31UDP,T31UDP_20220125T105229,01,025,2022
e7f9a2d5-3f53-47a9-80d7-2725955eec2c,S2A_MSIL2A_20220120T105351_N0301_R051_T31UDP_20220120T153331.SAFE,2022-01-20 10:53:51.024,51,48.554055,DESCENDING,T31UDP,T31UDP_20220120T105351,01,020,2022
96db5978-c143-459d-ba7f-2a3e21c372bb,S2B_MSIL2A_20220115T105309_N0301_R051_T31UDP_20220115T123714.SAFE,2022-01-15 10:53:09.024,51,21.048629,DESCENDING,T31UDP,T31UDP_20220115T105309,01,015,2022
becfa3f6-1223-4a26-8759-ca6cebc12fad,S2A_MSIL2A_20220110T105421_N0301_R051_T31UDP_20220110T134921.SAFE,2022-01-10 10:54:21.024,51,90.014798,DESCENDING,T31UDP,T31UDP_20220110T105421,01,010,2022
3170f115-54b4-44d4-854f-df45684521de,S2B_MSIL2A_20220105T105339_N0301_R051_T31UDP_20220105T134509.SAFE,2022-01-05 10:53:39.024,51,4.291575,DESCENDING,T31UDP,T31UDP_20220105T105339,01,005,2022
f386f890-139d-40b7-b799-a4bb1379a929,S2A_MSIL2A_20211231T105441_N0301_R051_T31UDP_20211231T135006.SAFE,2021-12-31 10:54:41.024,51,0.625302,DESCENDING,T31UDP,T31UDP_20211231T105441,12,365,2021
b1d49f8f-f301-45ab-905a-56c63f718695,S2B_MSIL2A_20211226T105349_N0301_R051_T31UDP_20211226T125057.SAFE,2021-12-26 10:53:49.024,51,93.392911,DESCENDING,T31UDP,T31UDP_20211226T105349,12,360,2021
c0f536c0-3e18-4192-925d-215a32ac7fd7,S2A_MSIL2A_20211221T105451_N0301_R051_T31UDP_20211221T135048.SAFE,2021-12-21 10:54:51.024,51,3.9996459999999994,DESCENDING,T31UDP,T31UDP_20211221T105451,12,355,2021
87a976cd-de94-46cb-bcc1-b4cde7a6df55,S2B_MSIL2A_20211216T105349_N0301_R051_T31UDP_20211216T135244.SAFE,2021-12-16 10:53:49.024,51,99.009991,DESCENDING,T31UDP,T31UDP_20211216T105349,12,350,2021
84320a57-d0fe-46df-b4c1-323a517ef18b,S2A_MSIL2A_20211211T105441_N0301_R051_T31UDP_20211211T135126.SAFE,2021-12-11 10:54:41.024,51,60.401181,DESCENDING,T31UDP,T31UDP_20211211T105441,12,345,2021
381e75de-a51b-42f2-a325-7e4f162b0c33,S2B_MSIL2A_20211206T105329_N0301_R051_T31UDP_20211206T134956.SAFE,2021-12-06 10:53:29.024,51,72.417205,DESCENDING,T31UDP,T31UDP_20211206T105329,12,340,2021
25fa164d-4177-43db-a308-a428e8027db1,S2A_MSIL2A_20211201T105421_N0301_R051_T31UDP_20211201T153252.SAFE,2021-12-01 10:54:21.024,51,60.442363,DESCENDING,T31UDP,T31UDP_20211201T105421,12,335,2021
2007fe33-25af-4006-9e54-6ef80d8e45a6,S2B_MSIL2A_20211126T105309_N0301_R051_T31UDP_20211126T125946.SAFE,2021-11-26 10:53:09.024,51,97.13873300000002,DESCENDING,T31UDP,T31UDP_20211126T105309,11,330,2021
d9754bd9-1f8e-47de-bcf0-0cb3cda516a2,S2A_MSIL2A_20211121T105341_N0301_R051_T31UDP_20211121T135206.SAFE,2021-11-21 10:53:41.024,51,98.464525,DESCENDING,T31UDP,T31UDP_20211121T105341,11,325,2021
44b50380-9114-43e8-abbe-47f6d191b43d,S2B_MSIL2A_20211116T105229_N0301_R051_T31UDP_20211116T123127.SAFE,2021-11-16 10:52:29.024,51,99.931352,DESCENDING,T31UDP,T31UDP_20211116T105229,11,320,2021
ca59fab1-d860-4556-b268-5c181e103ef7,S2A_MSIL2A_20211111T105301_N0301_R051_T31UDP_20211111T135052.SAFE,2021-11-11 10:53:01.024,51,58.222736,DESCENDING,T31UDP,T31UDP_20211111T105301,11,315,2021
40a611c8-374a-4299-b924-041f0af83e81,S2B_MSIL2A_20211106T105139_N0301_R051_T31UDP_20211106T133813.SAFE,2021-11-06 10:51:39.024,51,9.961667,DESCENDING,T31UDP,T31UDP_20211106T105139,11,310,2021
6d930f1a-d11c-493e-96cb-50cbb86fbd63,S2A_MSIL2A_20211101T105211_N0301_R051_T31UDP_20211101T140418.SAFE,2021-11-01 10:52:11.024,51,17.705989,DESCENDING,T31UDP,T31UDP_20211101T105211,11,305,2021
ee867867-d1d6-493c-931c-fcfa60122f43,S2B_MSIL2A_20211027T105049_N0301_R051_T31UDP_20211027T131047.SAFE,2021-10-27 10:50:49.024,51,6.358069,DESCENDING,T31UDP,T31UDP_20211027T105049,10,300,2021
d31d032b-31d0-4e31-944e-731f3de9f0b7,S2A_MSIL2A_20211022T105111_N0301_R051_T31UDP_20211022T140322.SAFE,2021-10-22 10:51:11.025,51,0.720944,DESCENDING,T31UDP,T31UDP_20211022T105111,10,295,2021
9bdd73a2-1336-47f1-85dc-8cc5657c16a6,S2B_MSIL2A_20211017T104939_N0301_R051_T31UDP_20211017T122320.SAFE,2021-10-17 10:49:39.024,51,92.961994,DESCENDING,T31UDP,T31UDP_20211017T104939,10,290,2021
6b4a2e0b-e1d7-4239-a89d-30bacefae2d6,S2A_MSIL2A_20211012T105011_N0301_R051_T31UDP_20211012T140548.SAFE,2021-10-12 10:50:11.024,51,44.818735999999994,DESCENDING,T31UDP,T31UDP_20211012T105011,10,285,2021
0e494e6a-c27b-43eb-87c7-573b32f9946f,S2B_MSIL2A_20211007T104829_N0301_R051_T31UDP_20211007T141822.SAFE,2021-10-07 10:48:29.024,51,84.638298,DESCENDING,T31UDP,T31UDP_20211007T104829,10,280,2021
fb810462-c050-4326-9e60-baeb8ec1cf37,S2A_MSIL2A_20211002T104901_N0301_R051_T31UDP_20211002T140006.SAFE,2021-10-02 10:49:01.024,51,99.945609,DESCENDING,T31UDP,T31UDP_20211002T104901,10,275,2021
033a75ca-fd95-479a-9f04-609f62af4fc6,S2B_MSIL2A_20210927T104719_N0301_R051_T31UDP_20210927T122844.SAFE,2021-09-27 10:47:19.024,51,69.809836,DESCENDING,T31UDP,T31UDP_20210927T104719,09,270,2021
eba8ea64-a170-4cba-a898-26414e4f46ca,S2A_MSIL2A_20210922T105031_N0301_R051_T31UDP_20210922T140135.SAFE,2021-09-22 10:50:31.025,51,2.690746,DESCENDING,T31UDP,T31UDP_20210922T105031,09,265,2021
abd9f26c-d150-48f7-bfa5-de056329c697,S2B_MSIL2A_20210917T104639_N0301_R051_T31UDP_20210917T122432.SAFE,2021-09-17 10:46:39.024,51,6.217403,DESCENDING,T31UDP,T31UDP_20210917T104639,09,260,2021
6976f66f-ae84-44ed-9e38-6de80063fb19,S2A_MSIL2A_20210912T105031_N0301_R051_T31UDP_20210912T140421.SAFE,2021-09-12 10:50:31.024,51,73.091702,DESCENDING,T31UDP,T31UDP_20210912T105031,09,255,2021
cb2ed1db-2f0a-451f-a923-db0e0bdb9b74,S2B_MSIL2A_20210907T104619_N0301_R051_T31UDP_20210907T144922.SAFE,2021-09-07 10:46:19.025,51,1.327173,DESCENDING,T31UDP,T31UDP_20210907T104619,09,250,2021
0f73a90c-2e55-423d-bd0c-cb40def61f9b,S2A_MSIL2A_20210902T105031_N0301_R051_T31UDP_20210902T140859.SAFE,2021-09-02 10:50:31.024,51,0.080033,DESCENDING,T31UDP,T31UDP_20210902T105031,09,245,2021
8f8339f9-00f6-4467-b2b9-90a88ef00ed8,S2B_MSIL2A_20210828T104619_N0301_R051_T31UDP_20210828T124628.SAFE,2021-08-28 10:46:19.024,51,72.108735,ASCENDING,T31UDP,T31UDP_20210828T104619,08,240,2021
afec21c5-cfac-4436-b12b-b85f4dd7f0e5,S2A_MSIL2A_20210823T105031_N0301_R051_T31UDP_20210823T154629.SAFE,2021-08-23 10:50:31.024,51,90.37542200000001,DESCENDING,T31UDP,T31UDP_20210823T105031,08,235,2021
fe06cf7c-ff87-469e-9c2c-88057ae077db,S2B_MSIL2A_20210818T104619_N0301_R051_T31UDP_20210818T122632.SAFE,2021-08-18 10:46:19.024,51,96.19627800000002,ASCENDING,T31UDP,T31UDP_20210818T104619,08,230,2021
4aad5995-2c6b-4b9e-a7c0-79969727bb96,S2A_MSIL2A_20210813T105031_N0301_R051_T31UDP_20210813T140349.SAFE,2021-08-13 10:50:31.024,51,5.104722,DESCENDING,T31UDP,T31UDP_20210813T105031,08,225,2021
72409665-cec2-49c9-8298-d125198cd19b,S2B_MSIL2A_20210808T104619_N0301_R051_T31UDP_20210808T141047.SAFE,2021-08-08 10:46:19.024,51,41.202937,DESCENDING,T31UDP,T31UDP_20210808T104619,08,220,2021
af0eb541-a28d-4476-b821-b2c4aee9da70,S2A_MSIL2A_20210803T105031_N0301_R051_T31UDP_20210803T140723.SAFE,2021-08-03 10:50:31.024,51,98.22411499999998,DESCENDING,T31UDP,T31UDP_20210803T105031,08,215,2021
1073ab9d-33a0-45e6-9e0f-ed2132961c1a,S2B_MSIL2A_20210729T104619_N0301_R051_T31UDP_20210801T185118.SAFE,2021-07-29 10:46:19.024,51,55.909697,ASCENDING,T31UDP,T31UDP_20210729T104619,07,210,2021
b03dcb68-2074-40af-9567-fc5a50626184,S2A_MSIL2A_20210724T105031_N0301_R051_T31UDP_20210724T135839.SAFE,2021-07-24 10:50:31.024,51,90.301061,DESCENDING,T31UDP,T31UDP_20210724T105031,07,205,2021
b1e6f3cd-6673-44c0-b54c-56d49641ad0e,S2B_MSIL2A_20210719T104619_N0301_R051_T31UDP_20210721T172319.SAFE,2021-07-19 10:46:19.025,51,1.51614,ASCENDING,T31UDP,T31UDP_20210719T104619,07,200,2021
34790d60-250e-471a-a04d-77a9d513945c,S2A_MSIL2A_20210714T105031_N0301_R051_T31UDP_20210714T135226.SAFE,2021-07-14 10:50:31.024,51,84.270628,DESCENDING,T31UDP,T31UDP_20210714T105031,07,195,2021
01a94c3d-ed5d-4c56-a998-b2e3a0c49e46,S2B_MSIL2A_20210709T104619_N0301_R051_T31UDP_20210709T142318.SAFE,2021-07-09 10:46:19.024,51,83.351074,DESCENDING,T31UDP,T31UDP_20210709T104619,07,190,2021
72ec64ca-d48e-462c-82c7-41d70ce679b1,S2A_MSIL2A_20210704T105031_N0301_R051_T31UDP_20210704T140941.SAFE,2021-07-04 10:50:31.024,51,53.074655,DESCENDING,T31UDP,T31UDP_20210704T105031,07,185,2021
d5743563-cf55-469f-8b83-cc9357fae40a,S2B_MSIL2A_20210629T104619_N0300_R051_T31UDP_20210629T125505.SAFE,2021-06-29 10:46:19.024,51,89.01459899999999,ASCENDING,T31UDP,T31UDP_20210629T104619,06,180,2021
6658c935-8ad0-45da-9068-b0d289689939,S2A_MSIL2A_20210624T105031_N0300_R051_T31UDP_20210624T135810.SAFE,2021-06-24 10:50:31.024,51,86.194875,DESCENDING,T31UDP,T31UDP_20210624T105031,06,175,2021
167b31fa-7f8d-46a8-a134-3ab490a28630,S2B_MSIL2A_20210619T104619_N0300_R051_T31UDP_20210619T123413.SAFE,2021-06-19 10:46:19.024,51,68.523437,ASCENDING,T31UDP,T31UDP_20210619T104619,06,170,2021
b5eb6353-ccd6-4f5c-bb66-2f97d76c0dda,S2A_MSIL2A_20210614T105031_N0300_R051_T31UDP_20210614T140120.SAFE,2021-06-14 10:50:31.024,51,0.198549,DESCENDING,T31UDP,T31UDP_20210614T105031,06,165,2021
6b3cc471-55fd-4b6b-9611-61a04f137737,S2B_MSIL2A_20210609T104619_N0300_R051_T31UDP_20210609T142200.SAFE,2021-06-09 10:46:19.024,51,21.950533,DESCENDING,T31UDP,T31UDP_20210609T104619,06,160,2021
884a991c-87fd-453d-89ba-8ecd8dd91ad5,S2A_MSIL2A_20210604T105031_N0300_R051_T31UDP_20210604T141149.SAFE,2021-06-04 10:50:31.024,51,99.35993,DESCENDING,T31UDP,T31UDP_20210604T105031,06,155,2021
12001f06-4ec8-44d6-a7b0-4325af451dea,S2B_MSIL2A_20210530T104619_N0300_R051_T31UDP_20210530T125536.SAFE,2021-05-30 10:46:19.024,51,17.299515,ASCENDING,T31UDP,T31UDP_20210530T104619,05,150,2021
245ba70c-0fe0-4da6-91e1-94193fd9644f,S2A_MSIL2A_20210525T105031_N0300_R051_T31UDP_20210525T140118.SAFE,2021-05-25 10:50:31.024,51,50.388469,DESCENDING,T31UDP,T31UDP_20210525T105031,05,145,2021
2c9e9d61-9f8b-41cf-98f1-bc43ca42581d,S2B_MSIL2A_20210520T104619_N0300_R051_T31UDP_20210520T124024.SAFE,2021-05-20 10:46:19.024,51,94.997755,ASCENDING,T31UDP,T31UDP_20210520T104619,05,140,2021
78ba0b37-ab13-4633-b04e-78af4c6df940,S2A_MSIL2A_20210515T105031_N0300_R051_T31UDP_20210515T141454.SAFE,2021-05-15 10:50:31.024,51,95.876248,DESCENDING,T31UDP,T31UDP_20210515T105031,05,135,2021
52dd43f9-638c-419e-b518-512259eaeaf8,S2A_MSIL2A_20210505T105031_N0300_R051_T31UDP_20210505T154202.SAFE,2021-05-05 10:50:31.024,51,58.317856000000006,DESCENDING,T31UDP,T31UDP_20210505T105031,05,125,2021
de1b2f2e-4f3c-4c11-9400-712b607ba9af,S2B_MSIL2A_20210430T104619_N0300_R051_T31UDP_20210430T125806.SAFE,2021-04-30 10:46:19.024,51,79.635645,ASCENDING,T31UDP,T31UDP_20210430T104619,04,120,2021
6996cff1-b7f7-40f5-b4bb-5e9933304992,S2A_MSIL2A_20210425T105021_N0300_R051_T31UDP_20210425T135357.SAFE,2021-04-25 10:50:21.024,51,3.405292,DESCENDING,T31UDP,T31UDP_20210425T105021,04,115,2021
f327e0fd-dde6-4929-87fa-97564e7a9208,S2B_MSIL2A_20210420T104619_N0300_R051_T31UDP_20210420T123753.SAFE,2021-04-20 10:46:19.025,51,53.100524,ASCENDING,T31UDP,T31UDP_20210420T104619,04,110,2021
80f384af-d604-4606-b323-b06bf9307ab8,S2A_MSIL2A_20210415T105021_N0300_R051_T31UDP_20210415T135921.SAFE,2021-04-15 10:50:21.024,51,38.240065,DESCENDING,T31UDP,T31UDP_20210415T105021,04,105,2021
641ebefe-0809-4e42-8c2e-6e7e74f29633,S2B_MSIL2A_20210410T104619_N0300_R051_T31UDP_20210410T142518.SAFE,2021-04-10 10:46:19.024,51,95.460947,DESCENDING,T31UDP,T31UDP_20210410T104619,04,100,2021
e15ca048-9d25-4bc6-95b3-45d677bf3585,S2A_MSIL2A_20210405T105021_N0300_R051_T31UDP_20210405T135213.SAFE,2021-04-05 10:50:21.024,51,99.690616,DESCENDING,T31UDP,T31UDP_20210405T105021,04,095,2021
0ecc6995-3974-44b5-9e24-af2fde7e5db0,S2B_MSIL2A_20210331T104619_N0300_R051_T31UDP_20210331T133112.SAFE,2021-03-31 10:46:19.024,51,0.495121,ASCENDING,T31UDP,T31UDP_20210331T104619,03,090,2021
9ff11d87-e3fb-416f-9d15-392da017b198,S2A_MSIL2A_20210326T105031_N0214_R051_T31UDP_20210326T133409.SAFE,2021-03-26 10:50:31.024,51,69.089651,DESCENDING,T31UDP,T31UDP_20210326T105031,03,085,2021
633347d8-0ad5-4e41-b8e3-caca40c4a006,S2B_MSIL2A_20210321T104639_N0214_R051_T31UDP_20210321T131056.SAFE,2021-03-21 10:46:39.024,51,99.999228,ASCENDING,T31UDP,T31UDP_20210321T104639,03,080,2021
37e3d449-7ba3-418c-b825-0440c11ac708,S2A_MSIL2A_20210316T105031_N0214_R051_T31UDP_20210316T134446.SAFE,2021-03-16 10:50:31.024,51,73.341529,DESCENDING,T31UDP,T31UDP_20210316T105031,03,075,2021
61b09150-5509-4a27-81b6-b07cbb95cb12,S2B_MSIL2A_20210311T104749_N0214_R051_T31UDP_20210311T140342.SAFE,2021-03-11 10:47:49.024,51,56.549076,DESCENDING,T31UDP,T31UDP_20210311T104749,03,070,2021
adb4ac89-b3be-40c5-baba-18bb10e759af,S2A_MSIL2A_20210306T105031_N0214_R051_T31UDP_20210306T134510.SAFE,2021-03-06 10:50:31.024,51,0.624806,DESCENDING,T31UDP,T31UDP_20210306T105031,03,065,2021
c2f76eea-9282-4261-83f0-fbb3ba08bcff,S2B_MSIL2A_20210301T104859_N0214_R051_T31UDP_20210301T125453.SAFE,2021-03-01 10:48:59.025,51,0.061508999999999994,DESCENDING,T31UDP,T31UDP_20210301T104859,03,060,2021
5583451b-7cff-4f42-8e36-07c319ba1516,S2A_MSIL2A_20210224T105031_N0214_R051_T31UDP_20210225T170514.SAFE,2021-02-24 10:50:31.024,51,0.089466,DESCENDING,T31UDP,T31UDP_20210224T105031,02,055,2021
e69942a5-8b7d-4753-85a8-7c20c5eeaee1,S2B_MSIL2A_20210219T104959_N0214_R051_T31UDP_20210219T124811.SAFE,2021-02-19 10:49:59.025,51,71.646877,DESCENDING,T31UDP,T31UDP_20210219T104959,02,050,2021
1206ebd1-5505-4e5e-a28e-c7762e73dfdb,S2A_MSIL2A_20210214T105131_N0214_R051_T31UDP_20210214T134249.SAFE,2021-02-14 10:51:31.024,51,40.471862,DESCENDING,T31UDP,T31UDP_20210214T105131,02,045,2021
e762865b-f86c-48f5-8fcc-050188d406b3,S2B_MSIL2A_20210209T105109_N0214_R051_T31UDP_20210209T133752.SAFE,2021-02-09 10:51:09.024,51,100.0,DESCENDING,T31UDP,T31UDP_20210209T105109,02,040,2021
eaffb7a5-2ebf-4ee6-ac4d-2b463e58ab58,S2A_MSIL2A_20210204T105241_N0214_R051_T31UDP_20210204T134102.SAFE,2021-02-04 10:52:41.024,51,97.914922,DESCENDING,T31UDP,T31UDP_20210204T105241,02,035,2021
5982bab7-44e3-4a2d-aaab-a2716916826f,S2B_MSIL2A_20210130T105209_N0214_R051_T31UDP_20210130T125621.SAFE,2021-01-30 10:52:09.024,51,82.183828,DESCENDING,T31UDP,T31UDP_20210130T105209,01,030,2021
ae19e013-6aed-4a4c-9fdb-3d2d80c4fabd,S2A_MSIL2A_20210125T105331_N0214_R051_T31UDP_20210125T134351.SAFE,2021-01-25 10:53:31.024,51,76.817476,DESCENDING,T31UDP,T31UDP_20210125T105331,01,025,2021
4425b8d5-7c3d-4ee2-a3f0-b9785380f7b8,S2B_MSIL2A_20210120T105249_N0214_R051_T31UDP_20210120T124627.SAFE,2021-01-20 10:52:49.024,51,99.997782,DESCENDING,T31UDP,T31UDP_20210120T105249,01,020,2021
34e44484-6bca-4ecf-a1ab-0e5bdb01d0a4,S2A_MSIL2A_20210115T105411_N0214_R051_T31UDP_20210115T134007.SAFE,2021-01-15 10:54:11.024,51,74.390839,DESCENDING,T31UDP,T31UDP_20210115T105411,01,015,2021
61a08b4f-b6fd-4de5-ad3e-bcae16e89120,S2B_MSIL2A_20210110T105329_N0214_R051_T31UDP_20210110T133755.SAFE,2021-01-10 10:53:29.024,51,16.005122,DESCENDING,T31UDP,T31UDP_20210110T105329,01,010,2021
4a2db731-3610-4ff4-9994-18b9692fb748,S2A_MSIL2A_20210105T105441_N0214_R051_T31UDP_20210105T133816.SAFE,2021-01-05 10:54:41.024,51,95.60902,DESCENDING,T31UDP,T31UDP_20210105T105441,01,005,2021
1dfdcd8c-36c6-4166-963b-8aa3c6d56ec8,S2B_MSIL2A_20201231T105349_N0214_R051_T31UDP_20201231T130556.SAFE,2020-12-31 10:53:49.024,51,92.89180400000001,DESCENDING,T31UDP,T31UDP_20201231T105349,12,366,2020
8dfc168e-ed8b-4746-96fc-15eaf0a786cc,S2A_MSIL2A_20201226T105451_N0214_R051_T31UDP_20201226T134024.SAFE,2020-12-26 10:54:51.024,51,35.366706,DESCENDING,T31UDP,T31UDP_20201226T105451,12,361,2020
546d0df4-9892-4079-b27a-a8e514f1f83f,S2B_MSIL2A_20201221T105349_N0214_R051_T31UDP_20201221T124347.SAFE,2020-12-21 10:53:49.024,51,99.566972,DESCENDING,T31UDP,T31UDP_20201221T105349,12,356,2020
a16e8939-efca-4e6e-a64e-1806d8d6d836,S2A_MSIL2A_20201216T105441_N0214_R051_T31UDP_20201216T133709.SAFE,2020-12-16 10:54:41.024,51,99.70649699999998,DESCENDING,T31UDP,T31UDP_20201216T105441,12,351,2020
8c2a25ed-a158-435a-a372-0ac8984f3b80,S2B_MSIL2A_20201211T105349_N0214_R051_T31UDP_20201211T134015.SAFE,2020-12-11 10:53:49.024,51,89.076511,DESCENDING,T31UDP,T31UDP_20201211T105349,12,346,2020
c92cd8bf-494b-48f7-9390-62a7f1a17252,S2A_MSIL2A_20201206T105431_N0214_R051_T31UDP_20201206T134033.SAFE,2020-12-06 10:54:31.024,51,90.95227199999998,DESCENDING,T31UDP,T31UDP_20201206T105431,12,341,2020
8e857056-fe5d-4d8e-993e-329ab14cc798,S2B_MSIL2A_20201201T105419_N0214_R051_T31UDP_20201201T124524.SAFE,2020-12-01 10:54:19.025,51,55.768296,DESCENDING,T31UDP,T31UDP_20201201T105419,12,336,2020
4f0a6283-2404-4eae-888d-0896617f0a93,S2A_MSIL2A_20201126T105401_N0214_R051_T31UDP_20201126T134845.SAFE,2020-11-26 10:54:01.024,51,3.254951,DESCENDING,T31UDP,T31UDP_20201126T105401,11,331,2020
2972ce95-7e08-4949-9717-a54f3dd1df0b,S2B_MSIL2A_20201121T105349_N0214_R051_T31UDP_20201121T124541.SAFE,2020-11-21 10:53:49.024,51,3.728574,DESCENDING,T31UDP,T31UDP_20201121T105349,11,326,2020
09031275-5693-4f71-b6f4-1c94968bffd1,S2A_MSIL2A_20201116T105331_N0214_R051_T31UDP_20201116T133944.SAFE,2020-11-16 10:53:31.024,51,99.999999,DESCENDING,T31UDP,T31UDP_20201116T105331,11,321,2020
e1a82e61-8175-4037-8b8f-63d777987858,S2B_MSIL2A_20201111T105259_N0214_R051_T31UDP_20201111T134038.SAFE,2020-11-11 10:52:59.025,51,99.068898,DESCENDING,T31UDP,T31UDP_20201111T105259,11,316,2020
968d7a2b-58fa-4d71-821d-5b2224829f62,S2A_MSIL2A_20201106T105241_N0214_R051_T31UDP_20201106T134121.SAFE,2020-11-06 10:52:41.024,51,5.851644,DESCENDING,T31UDP,T31UDP_20201106T105241,11,311,2020
962101f8-86ac-4ead-878e-8e6f6af1522c,S2B_MSIL2A_20201101T105209_N0214_R051_T31UDP_20201101T130055.SAFE,2020-11-01 10:52:09.024,51,91.572612,DESCENDING,T31UDP,T31UDP_20201101T105209,11,306,2020
8cdf56d7-5e45-4a72-b000-983545059ff1,S2A_MSIL2A_20201027T105141_N0214_R051_T31UDP_20201027T134252.SAFE,2020-10-27 10:51:41.024,51,85.383794,DESCENDING,T31UDP,T31UDP_20201027T105141,10,301,2020
ce4b724c-bc7d-450a-9ef1-2f49d52b301f,S2A_MSIL2A_20201017T105041_N0214_R051_T31UDP_20201017T134105.SAFE,2020-10-17 10:50:41.024,51,99.600984,DESCENDING,T31UDP,T31UDP_20201017T105041,10,291,2020
b61ac30f-5085-413e-89b9-331eee0dc225,S2B_MSIL2A_20201012T104909_N0214_R051_T31UDP_20201012T133544.SAFE,2020-10-12 10:49:09.024,51,92.99495999999999,DESCENDING,T31UDP,T31UDP_20201012T104909,10,286,2020
d48b9087-6da2-406c-bd31-e062b62429fd,S2A_MSIL2A_20201007T105031_N0214_R051_T31UDP_20201007T134214.SAFE,2020-10-07 10:50:31.024,51,87.74258,DESCENDING,T31UDP,T31UDP_20201007T105031,10,281,2020
6c05de8e-aedc-403a-ace6-6cb4fe309767,S2B_MSIL2A_20201002T104759_N0214_R051_T31UDP_20201002T125248.SAFE,2020-10-02 10:47:59.024,51,97.025568,DESCENDING,T31UDP,T31UDP_20201002T104759,10,276,2020
af01dfb7-2ba7-4b55-bfa5-cf898687062a,S2B_MSIL2A_20200922T104649_N0214_R051_T31UDP_20200927T135033.SAFE,2020-09-22 10:46:49.025,51,1.6478449999999998,DESCENDING,T31UDP,T31UDP_20200922T104649,09,266,2020
d6134ad0-01db-4d8a-802a-72312f82bed7,S2A_MSIL2A_20200927T105031_N0214_R051_T31UDP_20200927T135009.SAFE,2020-09-27 10:50:31.024,51,97.041502,DESCENDING,T31UDP,T31UDP_20200927T105031,09,271,2020
a7849608-1f6e-4bf0-93e0-3322fe0e3b31,S2A_MSIL2A_20200917T105031_N0214_R051_T31UDP_20200917T134757.SAFE,2020-09-17 10:50:31.024,51,0.18869899999999998,DESCENDING,T31UDP,T31UDP_20200917T105031,09,261,2020
30b79f8e-ba4e-4f01-8a66-b467071474ef,S2B_MSIL2A_20200912T104629_N0214_R051_T31UDP_20200912T135755.SAFE,2020-09-12 10:46:29.024,51,1.200122,DESCENDING,T31UDP,T31UDP_20200912T104629,09,256,2020
cf4833df-6d95-4891-9ca4-66ed20123a3a,S2A_MSIL2A_20200907T105031_N0214_R051_T31UDP_20200907T134456.SAFE,2020-09-07 10:50:31.024,51,10.289247,DESCENDING,T31UDP,T31UDP_20200907T105031,09,251,2020
0885d375-ea95-42ea-aff4-7c624a9bb7cd,S2B_MSIL2A_20200902T104629_N0214_R051_T31UDP_20200902T130435.SAFE,2020-09-02 10:46:29.024,51,21.709737,ASCENDING,T31UDP,T31UDP_20200902T104629,09,246,2020
3a12669e-5ee0-4c94-9d78-de667e31a3d2,S2A_MSIL2A_20200828T105031_N0214_R051_T31UDP_20200828T134727.SAFE,2020-08-28 10:50:31.024,51,87.61532500000001,DESCENDING,T31UDP,T31UDP_20200828T105031,08,241,2020
c43a32a8-f88e-4e29-bee4-865d6474b177,S2B_MSIL2A_20200823T104629_N0214_R051_T31UDP_20200823T134523.SAFE,2020-08-23 10:46:29.024,51,57.34259,DESCENDING,T31UDP,T31UDP_20200823T104629,08,236,2020
f9bd3f8f-5798-42b7-b38d-4611fe6143dd,S2A_MSIL2A_20200818T105031_N0214_R051_T31UDP_20200818T115758.SAFE,2020-08-18 10:50:31.024,51,44.996151000000005,DESCENDING,T31UDP,T31UDP_20200818T105031,08,231,2020
f4bd00e9-8124-4e36-bcb0-c00617662c2c,S2B_MSIL2A_20200813T104629_N0214_R051_T31UDP_20200813T133458.SAFE,2020-08-13 10:46:29.024,51,61.91061500000001,DESCENDING,T31UDP,T31UDP_20200813T104629,08,226,2020
2b50adfc-4f66-4350-94f1-d6a8fadf14d0,S2A_MSIL2A_20200808T105031_N0214_R051_T31UDP_20200808T115957.SAFE,2020-08-08 10:50:31.024,51,31.65329,DESCENDING,T31UDP,T31UDP_20200808T105031,08,221,2020
239cf616-1f3c-4a89-8dbd-1820d715cf55,S2B_MSIL2A_20200803T104629_N0214_R051_T31UDP_20200803T134220.SAFE,2020-08-03 10:46:29.024,51,78.152679,DESCENDING,T31UDP,T31UDP_20200803T104629,08,216,2020
97e0b5d8-0240-44ae-aa5b-b69248d35ebb,S2A_MSIL2A_20200729T105031_N0214_R051_T31UDP_20200729T134025.SAFE,2020-07-29 10:50:31.024,51,4.642756,DESCENDING,T31UDP,T31UDP_20200729T105031,07,211,2020
d0693262-cdcd-42d5-868f-a2c618ce791f,S2B_MSIL2A_20200724T104619_N0214_R051_T31UDP_20200724T142034.SAFE,2020-07-24 10:46:19.025,51,41.500986,DESCENDING,T31UDP,T31UDP_20200724T104619,07,206,2020
c1e83b85-f712-4dff-a6d9-d26ffeec3e96,S2A_MSIL2A_20200719T105031_N0214_R051_T31UDP_20200719T134605.SAFE,2020-07-19 10:50:31.024,51,74.863437,DESCENDING,T31UDP,T31UDP_20200719T105031,07,201,2020
3b235ab1-3be6-40f0-bb63-d00cc715f5a2,S2B_MSIL2A_20200714T104619_N0214_R051_T31UDP_20200714T135201.SAFE,2020-07-14 10:46:19.024,51,58.596625,DESCENDING,T31UDP,T31UDP_20200714T104619,07,196,2020
449c072e-e703-4a79-9e3c-9196d5a75ce5,S2A_MSIL2A_20200709T105031_N0214_R051_T31UDP_20200709T134755.SAFE,2020-07-09 10:50:31.024,51,4.000283,DESCENDING,T31UDP,T31UDP_20200709T105031,07,191,2020
2a26d33a-16fc-4ffc-a8b7-e3eb7cc9f0c7,S2B_MSIL2A_20200704T104619_N0214_R051_T31UDP_20200704T133959.SAFE,2020-07-04 10:46:19.024,51,83.563438,DESCENDING,T31UDP,T31UDP_20200704T104619,07,186,2020
6b305c79-1bc6-454f-a506-544deb38f946,S2A_MSIL2A_20200629T105031_N0214_R051_T31UDP_20200629T134108.SAFE,2020-06-29 10:50:31.024,51,24.148274999999998,DESCENDING,T31UDP,T31UDP_20200629T105031,06,181,2020
032525d8-c1cb-4d98-b333-5c7af2aaafa6,S2B_MSIL2A_20200624T104629_N0214_R051_T31UDP_20200624T134207.SAFE,2020-06-24 10:46:29.024,51,0.150457,ASCENDING,T31UDP,T31UDP_20200624T104629,06,176,2020
c3090193-f1bb-4cee-8a18-d5e19681cbed,S2A_MSIL2A_20200619T105031_N0214_R051_T31UDP_20200619T134906.SAFE,2020-06-19 10:50:31.024,51,95.72713899999998,DESCENDING,T31UDP,T31UDP_20200619T105031,06,171,2020
3faf4a21-13a1-47f8-9622-6552f5ace2e4,S2B_MSIL2A_20200614T104629_N0214_R051_T31UDP_20200614T140843.SAFE,2020-06-14 10:46:29.024,51,59.683113,DESCENDING,T31UDP,T31UDP_20200614T104629,06,166,2020
930bc2c4-ad27-4c6f-b744-436117d41841,S2A_MSIL2A_20200609T105031_N0214_R051_T31UDP_20200609T120930.SAFE,2020-06-09 10:50:31.025,51,91.313397,DESCENDING,T31UDP,T31UDP_20200609T105031,06,161,2020
e2a5fd45-0213-400c-9f28-fec179f40645,S2B_MSIL2A_20200604T104619_N0214_R051_T31UDP_20200604T134454.SAFE,2020-06-04 10:46:19.024,51,93.61645800000001,DESCENDING,T31UDP,T31UDP_20200604T104619,06,156,2020
882b5e9d-d548-4abc-98ca-7907434f0141,S2A_MSIL2A_20200530T105031_N0214_R051_T31UDP_20200530T134211.SAFE,2020-05-30 10:50:31.024,51,0.17537099999999997,DESCENDING,T31UDP,T31UDP_20200530T105031,05,151,2020
445fd2c2-14c6-4955-b3ee-0c302fe98968,S2B_MSIL2A_20200525T104619_N0214_R051_T31UDP_20200525T141054.SAFE,2020-05-25 10:46:19.024,51,18.608626,DESCENDING,T31UDP,T31UDP_20200525T104619,05,146,2020
34f9e275-808c-4aa5-aaee-20490c698e1f,S2A_MSIL2A_20200520T105031_N0214_R051_T31UDP_20200520T134332.SAFE,2020-05-20 10:50:31.024,51,0.546654,DESCENDING,T31UDP,T31UDP_20200520T105031,05,141,2020
eea3c7d0-5445-40a3-84c7-b1648b0fd63b,S2B_MSIL2A_20200515T104619_N0214_R051_T31UDP_20200515T135604.SAFE,2020-05-15 10:46:19.024,51,0.15774,DESCENDING,T31UDP,T31UDP_20200515T104619,05,136,2020
6eeec42c-c387-4528-84cb-1de245c5773e,S2A_MSIL2A_20200510T105031_N0214_R051_T31UDP_20200510T121029.SAFE,2020-05-10 10:50:31.024,51,93.78418799999999,DESCENDING,T31UDP,T31UDP_20200510T105031,05,131,2020
656c724e-1f10-46bf-8584-b4cc1ea4db75,S2B_MSIL2A_20200505T104619_N0214_R051_T31UDP_20200505T133820.SAFE,2020-05-05 10:46:19.024,51,91.239598,DESCENDING,T31UDP,T31UDP_20200505T104619,05,126,2020
afd1a823-ae87-4534-be55-ec14b4379e6d,S2A_MSIL2A_20200430T105031_N0214_R051_T31UDP_20200430T134331.SAFE,2020-04-30 10:50:31.024,51,99.532815,DESCENDING,T31UDP,T31UDP_20200430T105031,04,121,2020
536e28e6-11db-4987-adbc-7fc893688401,S2B_MSIL2A_20200425T104619_N0214_R051_T31UDP_20200425T134321.SAFE,2020-04-25 10:46:19.024,51,85.773954,ASCENDING,T31UDP,T31UDP_20200425T104619,04,116,2020
43cc8c4a-0b77-4f40-a9d9-c8d3833612df,S2A_MSIL2A_20200420T105031_N0214_R051_T31UDP_20200420T134306.SAFE,2020-04-20 10:50:31.024,51,28.346504999999997,DESCENDING,T31UDP,T31UDP_20200420T105031,04,111,2020
fdc7cd14-932f-4975-8701-5bce84742de2,S2B_MSIL2A_20200415T104619_N0214_R051_T31UDP_20200415T140319.SAFE,2020-04-15 10:46:19.024,51,0.456339,DESCENDING,T31UDP,T31UDP_20200415T104619,04,106,2020
9d2df870-6d55-4499-8929-c2c4b2610cbe,S2A_MSIL2A_20200410T105031_N0214_R051_T31UDP_20200410T120853.SAFE,2020-04-10 10:50:31.024,51,0.151141,DESCENDING,T31UDP,T31UDP_20200410T105031,04,101,2020
ca687a9d-67d0-49d8-bbe3-9d5b99360a72,S2B_MSIL2A_20200405T104619_N0214_R051_T31UDP_20200405T134034.SAFE,2020-04-05 10:46:19.024,51,0.381426,DESCENDING,T31UDP,T31UDP_20200405T104619,04,096,2020
52f4657a-d77d-40cb-9de9-6b4637fd3a73,S2A_MSIL2A_20200331T105021_N0214_R051_T31UDP_20200331T134144.SAFE,2020-03-31 10:50:21.024,51,14.621896,DESCENDING,T31UDP,T31UDP_20200331T105021,03,091,2020
ac018ebf-2466-46d8-913e-e67d42fd06be,S2B_MSIL2A_20200326T104639_N0214_R051_T31UDP_20200326T141923.SAFE,2020-03-26 10:46:39.024,51,0.493797,DESCENDING,T31UDP,T31UDP_20200326T104639,03,086,2020
e4eb9e0f-bf11-4d48-927e-5481efa159e6,S2A_MSIL2A_20200321T105021_N0214_R051_T31UDP_20200321T135104.SAFE,2020-03-21 10:50:21.024,51,99.985014,DESCENDING,T31UDP,T31UDP_20200321T105021,03,081,2020
7d34097b-02b2-4c1f-a7ab-d668d67da7d9,S2A_MSIL2A_20200220T105051_N0214_R051_T31UDP_20200319T131440.SAFE,2020-02-20 10:50:51.024,51,99.945569,DESCENDING,T31UDP,T31UDP_20200220T105051,02,051,2020
f002d034-6d6c-4ffb-9ba5-a2469af331f7,S2B_MSIL2A_20200316T104709_N0214_R051_T31UDP_20200316T135256.SAFE,2020-03-16 10:47:09.024,51,95.342679,DESCENDING,T31UDP,T31UDP_20200316T104709,03,076,2020
f983bef7-6aae-4d8d-a8e1-27daae346ae9,S2A_MSIL2A_20200311T105021_N0214_R051_T31UDP_20200311T152126.SAFE,2020-03-11 10:50:21.025,51,75.056701,DESCENDING,T31UDP,T31UDP_20200311T105021,03,071,2020
4b06153f-6bfc-4cec-8654-2c6c2f3fc7d5,S2B_MSIL2A_20200306T104819_N0214_R051_T31UDP_20200306T133852.SAFE,2020-03-06 10:48:19.024,51,62.23765,DESCENDING,T31UDP,T31UDP_20200306T104819,03,066,2020
c55b7334-dd5c-4a4c-a059-5931daa68372,S2A_MSIL2A_20200301T105021_N0214_R051_T31UDP_20200301T122129.SAFE,2020-03-01 10:50:21.024,51,94.19784699999998,DESCENDING,T31UDP,T31UDP_20200301T105021,03,061,2020
ab34edd4-2f2c-46f2-95f4-8708f3c8e36b,S2B_MSIL2A_20200225T104929_N0214_R051_T31UDP_20200225T134037.SAFE,2020-02-25 10:49:29.025,51,69.200617,DESCENDING,T31UDP,T31UDP_20200225T104929,02,056,2020
c920e30c-5b6d-4ac1-9b95-265b9c45f603,S2B_MSIL2A_20200215T105029_N0214_R051_T31UDP_20200215T132945.SAFE,2020-02-15 10:50:29.024,51,68.038469,DESCENDING,T31UDP,T31UDP_20200215T105029,02,046,2020
fb59416c-c39d-4619-b03b-0698f6cf9cd2,S2A_MSIL2A_20200210T105201_N0214_R051_T31UDP_20200210T122350.SAFE,2020-02-10 10:52:01.024,51,44.71018200000001,DESCENDING,T31UDP,T31UDP_20200210T105201,02,041,2020
9b7ab056-9319-467f-bfaf-905ee201625f,S2B_MSIL2A_20200205T105129_N0214_R051_T31UDP_20200207T150106.SAFE,2020-02-05 10:51:29.025,51,59.572359,DESCENDING,T31UDP,T31UDP_20200205T105129,02,036,2020
6eeba8d7-6495-4aa3-9c20-db56f61dc270,S2A_MSIL2A_20200131T105251_N0213_R051_T31UDP_20200131T121703.SAFE,2020-01-31 10:52:51.024,51,91.203143,DESCENDING,T31UDP,T31UDP_20200131T105251,01,031,2020
a0df764d-2ca0-4432-8f48-c1e7cbda019c,S2B_MSIL2A_20200126T105229_N0213_R051_T31UDP_20200126T114431.SAFE,2020-01-26 10:52:29.024,51,82.554567,DESCENDING,T31UDP,T31UDP_20200126T105229,01,026,2020
1593f162-8941-4096-b06d-d679c749a968,S2A_MSIL2A_20200121T105341_N0213_R051_T31UDP_20200121T122455.SAFE,2020-01-21 10:53:41.024,51,0.241695,DESCENDING,T31UDP,T31UDP_20200121T105341,01,021,2020
967fa6b6-dcf4-4411-a1d1-54bcc8cfb5ea,S2B_MSIL2A_20200116T105309_N0213_R051_T31UDP_20200116T122813.SAFE,2020-01-16 10:53:09.024,51,0.752336,DESCENDING,T31UDP,T31UDP_20200116T105309,01,016,2020
3c81ffa4-a539-4356-887e-adcb3e6c1b4d,S2A_MSIL2A_20200111T105421_N0213_R051_T31UDP_20200111T121352.SAFE,2020-01-11 10:54:21.024,51,99.51237899999998,DESCENDING,T31UDP,T31UDP_20200111T105421,01,011,2020
a592ec51-9b65-45c8-a957-8efd05ee9e68,S2B_MSIL2A_20200106T105339_N0213_R051_T31UDP_20200106T121433.SAFE,2020-01-06 10:53:39.024,51,0.236218,DESCENDING,T31UDP,T31UDP_20200106T105339,01,006,2020
4eb0608c-2730-4a0c-847e-21c775b1ba9e,S2A_MSIL2A_20200101T105441_N0213_R051_T31UDP_20200101T121106.SAFE,2020-01-01 10:54:41.024,51,99.37351199999999,DESCENDING,T31UDP,T31UDP_20200101T105441,01,001,2020
a92a98aa-c153-47dc-a4e5-a8438d3ad5df,S2B_MSIL2A_20191227T105349_N0213_R051_T31UDP_20191227T121122.SAFE,2019-12-27 10:53:49.024,51,92.415133,DESCENDING,T31UDP,T31UDP_20191227T105349,12,361,2019
2b8139f1-9050-4a23-9480-e2ae5c343ba4,S2A_MSIL2A_20191222T105441_N0213_R051_T31UDP_20191222T122245.SAFE,2019-12-22 10:54:41.024,51,79.742202,DESCENDING,T31UDP,T31UDP_20191222T105441,12,356,2019
237334bf-f8c0-4dc0-90dd-74bc28926ed5,S2B_MSIL2A_20191217T105349_N0213_R051_T31UDP_20191217T123333.SAFE,2019-12-17 10:53:49.024,51,71.302745,DESCENDING,T31UDP,T31UDP_20191217T105349,12,351,2019
0663e944-a7a5-484b-81fd-28e6dfee9971,S2A_MSIL2A_20191212T105441_N0213_R051_T31UDP_20191212T122231.SAFE,2019-12-12 10:54:41.024,51,62.343785,DESCENDING,T31UDP,T31UDP_20191212T105441,12,346,2019
55634d6b-c4b0-476c-b424-810db3cb65f4,S2B_MSIL2A_20191207T105329_N0213_R051_T31UDP_20191207T121847.SAFE,2019-12-07 10:53:29.024,51,92.27342100000001,DESCENDING,T31UDP,T31UDP_20191207T105329,12,341,2019
ce1dac10-d141-4d91-ad36-45802a31ae5b,S2A_MSIL2A_20191202T105421_N0213_R051_T31UDP_20191202T122334.SAFE,2019-12-02 10:54:21.024,51,0.695701,DESCENDING,T31UDP,T31UDP_20191202T105421,12,336,2019
5e88e2c4-43e7-40ce-9906-6d20d4efa90c,S2B_MSIL2A_20191127T105309_N0213_R051_T31UDP_20191127T122630.SAFE,2019-11-27 10:53:09.024,51,91.637233,DESCENDING,T31UDP,T31UDP_20191127T105309,11,331,2019
78f8bd02-4d56-4b0f-9d8f-77f45e5d2f3e,S2A_MSIL2A_20191122T105351_N0213_R051_T31UDP_20191122T121918.SAFE,2019-11-22 10:53:51.024,51,57.203484,DESCENDING,T31UDP,T31UDP_20191122T105351,11,326,2019
c6da0100-ac4a-4aa6-80f0-7534e0005e64,S2B_MSIL2A_20191117T105229_N0213_R051_T31UDP_20191117T134337.SAFE,2019-11-17 10:52:29.024,51,72.248426,DESCENDING,T31UDP,T31UDP_20191117T105229,11,321,2019
86993680-68f5-4cad-9a4e-dae9494797dd,S2A_MSIL2A_20191112T105301_N0213_R051_T31UDP_20191112T121941.SAFE,2019-11-12 10:53:01.024,51,85.850112,DESCENDING,T31UDP,T31UDP_20191112T105301,11,316,2019
5564b6ce-be0b-41ce-8cd5-56476d0f87a5,S2B_MSIL2A_20191107T105139_N0213_R051_T31UDP_20191107T125325.SAFE,2019-11-07 10:51:39.025,51,33.555143,DESCENDING,T31UDP,T31UDP_20191107T105139,11,311,2019
556644a7-2afe-4295-8c0f-551b2db6ddba,S2A_MSIL2A_20191102T105211_N0213_R051_T31UDP_20191102T121233.SAFE,2019-11-02 10:52:11.024,51,99.964861,DESCENDING,T31UDP,T31UDP_20191102T105211,11,306,2019
f0345557-1e33-43ce-81c3-c887f4c50210,S2B_MSIL2A_20191028T105049_N0213_R051_T31UDP_20191028T122942.SAFE,2019-10-28 10:50:49.024,51,91.976194,DESCENDING,T31UDP,T31UDP_20191028T105049,10,301,2019
5277a2fc-17bb-4602-b4c5-5671457659c1,S2A_MSIL2A_20191023T105111_N0213_R051_T31UDP_20191023T134400.SAFE,2019-10-23 10:51:11.024,51,99.914795,DESCENDING,T31UDP,T31UDP_20191023T105111,10,296,2019
0b5da37c-f96b-426c-9741-cf234ba4be07,S2B_MSIL2A_20191018T105039_N0213_R051_T31UDP_20191018T141229.SAFE,2019-10-18 10:50:39.024,51,9.453761,DESCENDING,T31UDP,T31UDP_20191018T105039,10,291,2019
4249e435-3c84-4c21-b832-00090ab51464,S2A_MSIL2A_20191013T105031_N0213_R051_T31UDP_20191013T120823.SAFE,2019-10-13 10:50:31.024,51,7.849423,DESCENDING,T31UDP,T31UDP_20191013T105031,10,286,2019
78ddd7a1-5de1-4d0b-a6f4-80858a738197,S2B_MSIL2A_20191008T105029_N0213_R051_T31UDP_20191008T133838.SAFE,2019-10-08 10:50:29.024,51,82.555666,DESCENDING,T31UDP,T31UDP_20191008T105029,10,281,2019
6f0c8635-48bc-4454-b930-5a7d0d5c5f3f,S2A_MSIL2A_20191003T105031_N0213_R051_T31UDP_20191003T122629.SAFE,2019-10-03 10:50:31.024,51,85.661305,DESCENDING,T31UDP,T31UDP_20191003T105031,10,276,2019
9980e1ac-f62b-46b0-a517-9a3c6d25ca40,S2B_MSIL2A_20190928T105029_N0213_R051_T31UDP_20190928T140739.SAFE,2019-09-28 10:50:29.024,51,92.378536,DESCENDING,T31UDP,T31UDP_20190928T105029,09,271,2019
364b8902-2769-4c5a-90b2-988bfe9e706b,S2B_MSIL2A_20190918T105029_N0213_R051_T31UDP_20190918T135152.SAFE,2019-09-18 10:50:29.024,51,5.71129,DESCENDING,T31UDP,T31UDP_20190918T105029,09,261,2019
23720b30-d335-4455-8742-9688498a4b08,S2A_MSIL2A_20190913T105031_N0213_R051_T31UDP_20190913T120946.SAFE,2019-09-13 10:50:31.024,51,23.884762,DESCENDING,T31UDP,T31UDP_20190913T105031,09,256,2019
bb19a1b4-e6ff-4fe3-af02-a4c3d2660b8e,S2B_MSIL2A_20190908T105029_N0213_R051_T31UDP_20190908T134000.SAFE,2019-09-08 10:50:29.024,51,65.329732,DESCENDING,T31UDP,T31UDP_20190908T105029,09,251,2019
9b15758a-fff6-4beb-a994-e19dd75e4cdd,S2A_MSIL2A_20190903T105031_N0213_R051_T31UDP_20190903T142511.SAFE,2019-09-03 10:50:31.024,51,8.90353,DESCENDING,T31UDP,T31UDP_20190903T105031,09,246,2019
270ab81f-d624-4b86-ac10-7a5c6f60d5a4,S2B_MSIL2A_20190829T105029_N0213_R051_T31UDP_20190829T133143.SAFE,2019-08-29 10:50:29.024,51,73.974849,DESCENDING,T31UDP,T31UDP_20190829T105029,08,241,2019
897a3f08-6d31-440a-8d00-fcc542133d87,S2A_MSIL2A_20190824T105031_N0213_R051_T31UDP_20190824T134703.SAFE,2019-08-24 10:50:31.024,51,47.553286,DESCENDING,T31UDP,T31UDP_20190824T105031,08,236,2019
f60d7822-c6c0-4000-bcba-dd10e88fcdb8,S2B_MSIL2A_20190819T105029_N0213_R051_T31UDP_20190819T140143.SAFE,2019-08-19 10:50:29.024,51,31.986425,DESCENDING,T31UDP,T31UDP_20190819T105029,08,231,2019
58021fc9-ed86-4c47-aa65-bd50a4348941,S2A_MSIL2A_20190814T105031_N0213_R051_T31UDP_20190814T120854.SAFE,2019-08-14 10:50:31.024,51,33.454682,DESCENDING,T31UDP,T31UDP_20190814T105031,08,226,2019
48a0874f-a055-4c8c-aefa-1a4d63b26311,S2B_MSIL2A_20190809T105039_N0213_R051_T31UDP_20190809T133658.SAFE,2019-08-09 10:50:39.024,51,91.787554,DESCENDING,T31UDP,T31UDP_20190809T105039,08,221,2019
ab091d59-ec30-463c-b555-aa1b149062b7,S2A_MSIL2A_20190804T105031_N0213_R051_T31UDP_20190804T142027.SAFE,2019-08-04 10:50:31.024,51,52.342584,DESCENDING,T31UDP,T31UDP_20190804T105031,08,216,2019
46dc2453-b097-453a-9442-474c0a8c9105,S2B_MSIL2A_20190730T105039_N0213_R051_T31UDP_20190730T140936.SAFE,2019-07-30 10:50:39.024,51,57.488508,DESCENDING,T31UDP,T31UDP_20190730T105039,07,211,2019
02dc08a1-f5f2-4b13-a2ec-5c2960ffff3f,S2A_MSIL2A_20190725T105031_N0213_R051_T31UDP_20190725T141902.SAFE,2019-07-25 10:50:31.024,51,0.114608,DESCENDING,T31UDP,T31UDP_20190725T105031,07,206,2019
356ca6fb-f1f6-4a22-b870-87ae38ef2f8b,S2B_MSIL2A_20190720T105039_N0213_R051_T31UDP_20190720T141136.SAFE,2019-07-20 10:50:39.024,51,37.87616,DESCENDING,T31UDP,T31UDP_20190720T105039,07,201,2019
3258f7d0-dc30-44e9-992c-d307e97124d7,S2A_MSIL2A_20190715T105031_N0213_R051_T31UDP_20190715T121043.SAFE,2019-07-15 10:50:31.024,51,61.969584,DESCENDING,T31UDP,T31UDP_20190715T105031,07,196,2019
020916a3-e962-47aa-bccd-feb5fb436825,S2B_MSIL2A_20190710T105039_N0213_R051_T31UDP_20190710T133923.SAFE,2019-07-10 10:50:39.025,51,4.248431,DESCENDING,T31UDP,T31UDP_20190710T105039,07,191,2019
9d66a674-be6c-4f11-a935-f8236cd07607,S2A_MSIL2A_20190705T105031_N0212_R051_T31UDP_20190705T140734.SAFE,2019-07-05 10:50:31.024,51,3.5942029999999994,DESCENDING,T31UDP,T31UDP_20190705T105031,07,186,2019
7ca1866c-aaaa-44e9-a517-13f7e2fd897b,S2B_MSIL2A_20190630T105039_N0212_R051_T31UDP_20190630T133617.SAFE,2019-06-30 10:50:39.024,51,15.600298,DESCENDING,T31UDP,T31UDP_20190630T105039,06,181,2019
544d615c-b520-4065-92a6-6ca83dc9d32c,S2A_MSIL2A_20190625T105031_N0212_R051_T31UDP_20190625T134744.SAFE,2019-06-25 10:50:31.024,51,14.823783,DESCENDING,T31UDP,T31UDP_20190625T105031,06,176,2019
4cdd4197-3f80-47d6-9537-0e91f8939a37,S2B_MSIL2A_20190620T105039_N0212_R051_T31UDP_20190620T140845.SAFE,2019-06-20 10:50:39.024,51,81.871372,DESCENDING,T31UDP,T31UDP_20190620T105039,06,171,2019
3344de23-bf9a-426d-b548-735b9890ae8e,S2A_MSIL2A_20190615T105031_N0212_R051_T31UDP_20190615T121337.SAFE,2019-06-15 10:50:31.024,51,34.14487,DESCENDING,T31UDP,T31UDP_20190615T105031,06,166,2019
26ec71a4-6048-41b4-b6df-54543ffa14bd,S2B_MSIL2A_20190610T105039_N0212_R051_T31UDP_20190610T133632.SAFE,2019-06-10 10:50:39.024,51,66.170853,DESCENDING,T31UDP,T31UDP_20190610T105039,06,161,2019
d7231339-21a4-4e14-9c10-d0797e1b9160,S2A_MSIL2A_20190605T105031_N0212_R051_T31UDP_20190605T152839.SAFE,2019-06-05 10:50:31.025,51,97.965778,DESCENDING,T31UDP,T31UDP_20190605T105031,06,156,2019
78089c5a-5945-4b9b-a59d-290c7e02caa5,S2B_MSIL2A_20190531T105039_N0212_R051_T31UDP_20190531T133451.SAFE,2019-05-31 10:50:39.024,51,64.956584,DESCENDING,T31UDP,T31UDP_20190531T105039,05,151,2019
43089bb3-ca78-4032-8e2f-5008ce8e6cbd,S2A_MSIL2A_20190526T105031_N0212_R051_T31UDP_20190526T134606.SAFE,2019-05-26 10:50:31.024,51,41.607045,DESCENDING,T31UDP,T31UDP_20190526T105031,05,146,2019
f9ed5226-fa3b-4b58-be8a-7d64ff44393b,S2A_MSIL2A_20190516T105031_N0212_R051_T31UDP_20190516T134142.SAFE,2019-05-16 10:50:31.024,51,23.719249,DESCENDING,T31UDP,T31UDP_20190516T105031,05,136,2019
ee623312-6ad0-4184-9b70-e6d6b655cd17,S2B_MSIL2A_20190511T105039_N0212_R051_T31UDP_20190511T141330.SAFE,2019-05-11 10:50:39.024,51,92.375195,DESCENDING,T31UDP,T31UDP_20190511T105039,05,131,2019
2dc55f10-1ae3-4966-a798-545a1c91edde,S2A_MSIL2A_20190506T105031_N0212_R051_T31UDP_20190506T140834.SAFE,2019-05-06 10:50:31.024,51,25.108789,DESCENDING,T31UDP,T31UDP_20190506T105031,05,126,2019
4beb6f98-d8d7-485e-bfdf-c4fa55936c43,S2B_MSIL2A_20190501T105039_N0211_R051_T31UDP_20190501T133344.SAFE,2019-05-01 10:50:39.024,51,36.168765,DESCENDING,T31UDP,T31UDP_20190501T105039,05,121,2019
2aad718e-094b-4fbe-ac60-78460cfca9b9,S2A_MSIL2A_20190426T105031_N0211_R051_T31UDP_20190426T134237.SAFE,2019-04-26 10:50:31.024,51,75.190159,DESCENDING,T31UDP,T31UDP_20190426T105031,04,116,2019
564a9d1f-77b2-4161-a42f-4c955b68e8bd,S2B_MSIL2A_20190421T105039_N0211_R051_T31UDP_20190421T133439.SAFE,2019-04-21 10:50:39.024,51,89.14719399999998,DESCENDING,T31UDP,T31UDP_20190421T105039,04,111,2019
c8762f21-6abe-4235-aa9e-d4863ed71d0c,S2A_MSIL2A_20190416T105031_N0211_R051_T31UDP_20190416T133651.SAFE,2019-04-16 10:50:31.024,51,97.94890900000001,DESCENDING,T31UDP,T31UDP_20190416T105031,04,106,2019
fcd557dd-5236-4648-bd00-9320968bbde3,S2B_MSIL2A_20190411T105029_N0211_R051_T31UDP_20190411T141405.SAFE,2019-04-11 10:50:29.025,51,0.636886,DESCENDING,T31UDP,T31UDP_20190411T105029,04,101,2019
eedabd4d-41fa-42d8-adbc-8f457d2a2551,S2A_MSIL2A_20190406T105031_N0211_R051_T31UDP_20190406T140721.SAFE,2019-04-06 10:50:31.024,51,43.714489,DESCENDING,T31UDP,T31UDP_20190406T105031,04,096,2019
9d677514-94d9-457e-b415-7514f55a9cf1,S2B_MSIL2A_20190401T105029_N0211_R051_T31UDP_20190401T140125.SAFE,2019-04-01 10:50:29.024,51,0.9407730000000001,DESCENDING,T31UDP,T31UDP_20190401T105029,04,091,2019
c7e33d2d-05c4-41f3-98b0-7b5e831f0a03,S2A_MSIL2A_20190327T105031_N0211_R051_T31UDP_20190327T152036.SAFE,2019-03-27 10:50:31.025,51,35.185244,DESCENDING,T31UDP,T31UDP_20190327T105031,03,086,2019
69ad3460-a465-4279-b1c6-2b9d0dc61c1c,S2B_MSIL2A_20190322T105029_N0211_R051_T31UDP_20190322T170028.SAFE,2019-03-22 10:50:29.024,51,0.137435,DESCENDING,T31UDP,T31UDP_20190322T105029,03,081,2019
9c2ba0d8-1687-48a8-94f1-d9276446b0fc,S2A_MSIL2A_20190317T105021_N0211_R051_T31UDP_20190317T170025.SAFE,2019-03-17 10:50:21.024,51,45.92969,DESCENDING,T31UDP,T31UDP_20190317T105021,03,076,2019
10ad4359-30df-4f64-badd-0e9a93c3c979,S2B_MSIL2A_20190312T105119_N0211_R051_T31UDP_20190312T184126.SAFE,2019-03-12 10:51:19.024,51,99.695189,DESCENDING,T31UDP,T31UDP_20190312T105119,03,071,2019
6fd019d2-928e-4862-b4cf-acd45b2db6b7,S2A_MSIL2A_20190307T105021_N0211_R051_T31UDP_20190307T121706.SAFE,2019-03-07 10:50:21.024,51,46.4847,DESCENDING,T31UDP,T31UDP_20190307T105021,03,066,2019
d5c7a5a5-ae58-4f86-b4ba-e36f7f1b23b4,S2B_MSIL2A_20190302T105029_N0211_R051_T31UDP_20190302T135930.SAFE,2019-03-02 10:50:29.024,51,96.435881,DESCENDING,T31UDP,T31UDP_20190302T105029,03,061,2019
e704858c-7d04-488a-a761-a0f219b84b12,S2A_MSIL2A_20190225T105021_N0211_R051_T31UDP_20190225T134315.SAFE,2019-02-25 10:50:21.024,51,0.063411,DESCENDING,T31UDP,T31UDP_20190225T105021,02,056,2019
32276e02-679b-40ab-87de-4adaffea795f,S2B_MSIL2A_20190220T105059_N0211_R051_T31UDP_20190220T135243.SAFE,2019-02-20 10:50:59.024,51,26.229548,DESCENDING,T31UDP,T31UDP_20190220T105059,02,051,2019
1d71acb1-5d8e-40a1-a210-0370c1b07521,S2A_MSIL2A_20190215T105131_N0211_R051_T31UDP_20190215T120504.SAFE,2019-02-15 10:51:31.024,51,0.085673,DESCENDING,T31UDP,T31UDP_20190215T105131,02,046,2019
4c7168da-218d-490f-a55b-b97699d8e91c,S2B_MSIL2A_20190210T105209_N0211_R051_T31UDP_20190210T135723.SAFE,2019-02-10 10:52:09.024,51,88.316215,DESCENDING,T31UDP,T31UDP_20190210T105209,02,041,2019
cc2053fc-6a28-490c-9e0a-71c3ab4b93d3,S2A_MSIL2A_20190205T105231_N0211_R051_T31UDP_20190205T130303.SAFE,2019-02-05 10:52:31.024,51,54.959966,DESCENDING,T31UDP,T31UDP_20190205T105231,02,036,2019
4f072577-b61d-43d7-a337-133789d5cbce,S2B_MSIL2A_20190131T105259_N0211_R051_T31UDP_20190131T132747.SAFE,2019-01-31 10:52:59.024,51,97.826662,DESCENDING,T31UDP,T31UDP_20190131T105259,01,031,2019
d315e61d-e8a1-4bff-afd4-c540ebeebb03,S2A_MSIL2A_20190126T105321_N0211_R051_T31UDP_20190126T121352.SAFE,2019-01-26 10:53:21.024,51,98.685333,DESCENDING,T31UDP,T31UDP_20190126T105321,01,026,2019
1425656c-3f98-400e-9476-cccfa766b7e6,S2B_MSIL2A_20190121T105349_N0211_R051_T31UDP_20190121T134257.SAFE,2019-01-21 10:53:49.025,51,49.203391999999994,DESCENDING,T31UDP,T31UDP_20190121T105349,01,021,2019
0b1d1df5-2e3b-4f54-a962-85d015327b67,S2A_MSIL2A_20190116T105401_N0211_R051_T31UDP_20190116T120806.SAFE,2019-01-16 10:54:01.024,51,94.049352,DESCENDING,T31UDP,T31UDP_20190116T105401,01,016,2019
310ced88-31ec-47b3-b7ef-f588658e7cdd,S2B_MSIL2A_20190111T105419_N0211_R051_T31UDP_20190111T121031.SAFE,2019-01-11 10:54:19.024,51,81.382444,DESCENDING,T31UDP,T31UDP_20190111T105419,01,011,2019
f0e29e86-d324-47a7-b6b2-40b4a687949b,S2A_MSIL2A_20190106T105431_N0211_R051_T31UDP_20190106T121109.SAFE,2019-01-06 10:54:31.024,51,99.600839,DESCENDING,T31UDP,T31UDP_20190106T105431,01,006,2019
3ffa4008-9380-4c62-81e8-48eeaf1f3c61,S2B_MSIL2A_20190101T105439_N0211_R051_T31UDP_20190101T133344.SAFE,2019-01-01 10:54:39.024,51,99.832829,DESCENDING,T31UDP,T31UDP_20190101T105439,01,001,2019
ff979ebf-6558-4bdf-a678-a2e76154a1d8,S2A_MSIL2A_20181227T105441_N0211_R051_T31UDP_20181227T121026.SAFE,2018-12-27 10:54:41.024,51,99.988007,DESCENDING,T31UDP,T31UDP_20181227T105441,12,361,2018
931e541b-00b1-4567-9096-e063fc971909,S2B_MSIL2A_20181222T105449_N0211_R051_T31UDP_20181222T113454.SAFE,2018-12-22 10:54:49.024,51,99.999742,DESCENDING,T31UDP,T31UDP_20181222T105449,12,356,2018
06617702-cfb1-43b9-a0d1-44573dc97601,S2B_MSIL2A_20181212T105439_N0211_R051_T31UDP_20181218T142742.SAFE,2018-12-12 10:54:39.024,51,3.161561,DESCENDING,T31UDP,T31UDP_20181212T105439,12,346,2018
e423015c-4f28-423a-aacc-c8b56f86575d,S2A_MSIL2A_20181217T105441_N0211_R051_T31UDP_20181217T121218.SAFE,2018-12-17 10:54:41.024,51,69.008315,DESCENDING,T31UDP,T31UDP_20181217T105441,12,351,2018
84cc5f55-e7b0-479c-9c21-6bcc46e2625e,S2A_MSIL2A_20181207T105421_N0211_R051_T31UDP_20181207T121510.SAFE,2018-12-07 10:54:21.024,51,86.096236,DESCENDING,T31UDP,T31UDP_20181207T105421,12,341,2018
cb16046e-cf79-4930-9ded-61a503921bdc,S2B_MSIL2A_20181202T105419_N0211_R051_T31UDP_20181202T133101.SAFE,2018-12-02 10:54:19.024,51,99.241213,DESCENDING,T31UDP,T31UDP_20181202T105419,12,336,2018
60827413-ed19-497c-b27e-32ef24259ca2,S2A_MSIL2A_20181127T105401_N0211_R051_T31UDP_20181127T121653.SAFE,2018-11-27 10:54:01.024,51,71.059643,DESCENDING,T31UDP,T31UDP_20181127T105401,11,331,2018
e3e74b1f-ef6e-41ff-a7e3-fd3a8cc92bbb,S2B_MSIL2A_20181122T105349_N0211_R051_T31UDP_20181122T135639.SAFE,2018-11-22 10:53:49.024,51,96.78366699999998,DESCENDING,T31UDP,T31UDP_20181122T105349,11,326,2018
44bf4244-78df-4bbc-b23c-6ed45c338a90,S2A_MSIL2A_20181117T105321_N0210_R051_T31UDP_20181117T121932.SAFE,2018-11-17 10:53:21.024,51,47.297995,DESCENDING,T31UDP,T31UDP_20181117T105321,11,321,2018
55c1adc1-d6a7-46c5-b063-fbed1c63e006,S2B_MSIL2A_20181112T105259_N0210_R051_T31UDP_20181112T140231.SAFE,2018-11-12 10:52:59.024,51,83.253687,DESCENDING,T31UDP,T31UDP_20181112T105259,11,316,2018
7f8d33ae-bebf-44b3-886a-1be3213c7a5e,S2A_MSIL2A_20181107T105231_N0210_R051_T31UDP_20181107T141835.SAFE,2018-11-07 10:52:31.025,51,92.67653600000001,DESCENDING,T31UDP,T31UDP_20181107T105231,11,311,2018
a20bac4f-2ba4-4978-b817-ae4773e99b94,S2B_MSIL2A_20181102T105209_N0209_R051_T31UDP_20181102T135811.SAFE,2018-11-02 10:52:09.024,51,17.526002,DESCENDING,T31UDP,T31UDP_20181102T105209,11,306,2018
537d5b7d-2922-4752-9025-a6b2ce24fd80,S2A_MSIL2A_20181028T105141_N0209_R051_T31UDP_20181028T135837.SAFE,2018-10-28 10:51:41.024,51,94.066096,DESCENDING,T31UDP,T31UDP_20181028T105141,10,301,2018
e2f29549-c0e9-46e1-89d3-a7dd8681437d,S2A_MSIL2A_20181018T105031_N0209_R051_T31UDP_20181018T142637.SAFE,2018-10-18 10:50:31.024,51,0.157747,DESCENDING,T31UDP,T31UDP_20181018T105031,10,291,2018
db424774-0ff0-4e49-8101-88459fb5c3be,S2B_MSIL2A_20181013T105029_N0209_R051_T31UDP_20181013T154254.SAFE,2018-10-13 10:50:29.024,51,40.708787,DESCENDING,T31UDP,T31UDP_20181013T105029,10,286,2018
feb1ce41-1103-4cd0-9ea8-d933599aff4b,S2A_MSIL2A_20181008T105021_N0209_R051_T31UDP_20181008T135604.SAFE,2018-10-08 10:50:21.024,51,3.054988,DESCENDING,T31UDP,T31UDP_20181008T105021,10,281,2018
0a461cf2-074e-41c1-a84a-4ec07e3e1459,S2B_MSIL2A_20181003T105019_N0208_R051_T31UDP_20181003T173520.SAFE,2018-10-03 10:50:19.024,51,85.78801,DESCENDING,T31UDP,T31UDP_20181003T105019,10,276,2018
3b56c4cd-478e-48bf-b2c9-50fd1ae87cb6,S2A_MSIL2A_20180928T105021_N0208_R051_T31UDP_20180928T153827.SAFE,2018-09-28 10:50:21.024,51,70.160579,DESCENDING,T31UDP,T31UDP_20180928T105021,09,271,2018
d7f067d0-4769-4b1c-9d33-2b13726a5071,S2B_MSIL2A_20180923T105019_N0208_R051_T31UDP_20180923T154520.SAFE,2018-09-23 10:50:19.024,51,91.657817,DESCENDING,T31UDP,T31UDP_20180923T105019,09,266,2018
5b2f7e88-23ce-4b56-ab5f-b5dadfcce84a,S2A_MSIL2A_20180918T105021_N0208_R051_T31UDP_20180918T141223.SAFE,2018-09-18 10:50:21.024,51,57.715785,DESCENDING,T31UDP,T31UDP_20180918T105021,09,261,2018
f1fd430f-5769-4318-821a-55c0b81ba74c,S2B_MSIL2A_20180913T105019_N0208_R051_T31UDP_20180913T141638.SAFE,2018-09-13 10:50:19.025,51,99.234779,DESCENDING,T31UDP,T31UDP_20180913T105019,09,256,2018
6704fff5-35d2-4d54-addb-b2eaf0416cb8,S2A_MSIL2A_20180829T105031_N0208_R051_T31UDP_20180829T171407.SAFE,2018-08-29 10:50:31.025,51,92.174377,DESCENDING,T31UDP,T31UDP_20180829T105031,08,241,2018
4aad77b7-be46-42cb-8a74-2333729874c8,S2A_MSIL2A_20180908T105021_N0208_R051_T31UDP_20180908T140617.SAFE,2018-09-08 10:50:21.024,51,8.084722,DESCENDING,T31UDP,T31UDP_20180908T105021,09,251,2018
5725dca1-796c-4de6-b6b9-28939dd638dd,S2B_MSIL2A_20180903T105019_N0208_R051_T31UDP_20180903T171953.SAFE,2018-09-03 10:50:19.025,51,50.713127,DESCENDING,T31UDP,T31UDP_20180903T105019,09,246,2018
8f594c24-4d5f-4b75-9e44-1597e19d13b2,S2B_MSIL2A_20180824T105019_N0208_R051_T31UDP_20180824T165733.SAFE,2018-08-24 10:50:19.024,51,99.999995,DESCENDING,T31UDP,T31UDP_20180824T105019,08,236,2018
34542d0e-c8b8-4c19-a976-7c267ed008df,S2A_MSIL2A_20180819T105031_N0208_R051_T31UDP_20180819T145346.SAFE,2018-08-19 10:50:31.024,51,2.473857,DESCENDING,T31UDP,T31UDP_20180819T105031,08,231,2018
fdfc2897-611e-4d80-8884-62782effd2dd,S2B_MSIL2A_20180814T105019_N0208_R051_T31UDP_20180814T164728.SAFE,2018-08-14 10:50:19.024,51,76.613726,DESCENDING,T31UDP,T31UDP_20180814T105019,08,226,2018
353a4220-1116-427a-992f-2a65ea1e0730,S2A_MSIL2A_20180809T105031_N0208_R051_T31UDP_20180809T141746.SAFE,2018-08-09 10:50:31.024,51,96.29171000000001,DESCENDING,T31UDP,T31UDP_20180809T105031,08,221,2018
593ccdc0-7191-4842-936b-6393cc6eafdd,S2B_MSIL2A_20180804T105019_N0208_R051_T31UDP_20180804T153639.SAFE,2018-08-04 10:50:19.024,51,1.65282,DESCENDING,T31UDP,T31UDP_20180804T105019,08,216,2018
bd44341a-3dbb-4435-be84-7a7b9411b3f8,S2A_MSIL2A_20180730T105031_N0208_R051_T31UDP_20180730T141204.SAFE,2018-07-30 10:50:31.024,51,92.641377,DESCENDING,T31UDP,T31UDP_20180730T105031,07,211,2018
58e2c364-8bcd-4972-8c69-12152921ee53,S2A_MSIL2A_20180720T105031_N0208_R051_T31UDP_20180720T135744.SAFE,2018-07-20 10:50:31.024,51,61.445595,DESCENDING,T31UDP,T31UDP_20180720T105031,07,201,2018
96bd1340-0822-469b-97cf-9ca6765c80f3,S2B_MSIL2A_20180715T105029_N0208_R051_T31UDP_20180715T152821.SAFE,2018-07-15 10:50:29.024,51,5.859529,DESCENDING,T31UDP,T31UDP_20180715T105029,07,196,2018
e6ed62f0-2dfa-4b27-9939-9d0d232d3b5b,S2A_MSIL2A_20180710T105031_N0208_R051_T31UDP_20180710T141216.SAFE,2018-07-10 10:50:31.024,51,25.756958999999995,DESCENDING,T31UDP,T31UDP_20180710T105031,07,191,2018
212e10f9-feee-48b4-af4b-180207b056ff,S2B_MSIL2A_20180705T105029_N0208_R051_T31UDP_20180705T152258.SAFE,2018-07-05 10:50:29.024,51,82.420534,DESCENDING,T31UDP,T31UDP_20180705T105029,07,186,2018
2f99875c-6878-4f62-be02-9471417f0340,S2A_MSIL2A_20180630T105031_N0208_R051_T31UDP_20180630T144133.SAFE,2018-06-30 10:50:31.024,51,12.82663,DESCENDING,T31UDP,T31UDP_20180630T105031,06,181,2018
442182af-3e8f-44b2-a69e-f6d05d69fbe6,S2B_MSIL2A_20180625T105029_N0208_R051_T31UDP_20180625T135630.SAFE,2018-06-25 10:50:29.024,51,3.403336,DESCENDING,T31UDP,T31UDP_20180625T105029,06,176,2018
90fecce6-752f-4abd-80b0-ac62ecd72cf4,S2A_MSIL2A_20180620T105031_N0208_R051_T31UDP_20180620T165727.SAFE,2018-06-20 10:50:31.024,51,0.598316,DESCENDING,T31UDP,T31UDP_20180620T105031,06,171,2018
60a1807f-2a6f-4cba-9c92-dc2708618d19,S2B_MSIL2A_20180615T105029_N0208_R051_T31UDP_20180615T142918.SAFE,2018-06-15 10:50:29.024,51,52.088198000000006,DESCENDING,T31UDP,T31UDP_20180615T105029,06,166,2018
86960a90-69e8-4163-bd0e-a41a79510dcd,S2A_MSIL2A_20180610T105031_N0208_R051_T31UDP_20180610T113634.SAFE,2018-06-10 10:50:31.024,51,95.732889,DESCENDING,T31UDP,T31UDP_20180610T105031,06,161,2018
4879f1c9-9868-4f55-b4e1-951bce3a6c18,S2B_MSIL2A_20180605T105029_N0208_R051_T31UDP_20180605T141936.SAFE,2018-06-05 10:50:29.024,51,98.497674,DESCENDING,T31UDP,T31UDP_20180605T105029,06,156,2018
24df828d-6847-40da-b536-a7d1210ec798,S2A_MSIL2A_20180531T105031_N0208_R051_T31UDP_20180531T144336.SAFE,2018-05-31 10:50:31.024,51,94.024759,DESCENDING,T31UDP,T31UDP_20180531T105031,05,151,2018
6544873e-b202-4edc-bed2-d194da13d001,S2B_MSIL2A_20180526T105029_N0208_R051_T31UDP_20180526T151308.SAFE,2018-05-26 10:50:29.024,51,75.727503,DESCENDING,T31UDP,T31UDP_20180526T105029,05,146,2018
2d1e6fe7-c9db-4127-9cde-3472bd7512c6,S2A_MSIL2A_20180521T105031_N0207_R051_T31UDP_20180521T125745.SAFE,2018-05-21 10:50:31.024,51,31.953331,DESCENDING,T31UDP,T31UDP_20180521T105031,05,141,2018
f5b9037e-f53b-4309-8063-f16388aaa093,S2B_MSIL2A_20180516T105029_N0207_R051_T31UDP_20180516T125357.SAFE,2018-05-16 10:50:29.027,51,7.883222,DESCENDING,T31UDP,T31UDP_20180516T105029,05,136,2018
fb942434-045b-4dee-a6a2-600c5dc3ffb8,S2A_MSIL2A_20180511T105031_N0207_R051_T31UDP_20180511T111332.SAFE,2018-05-11 10:50:31.024,51,1.99574,DESCENDING,T31UDP,T31UDP_20180511T105031,05,131,2018
2c3330db-56ec-4f2f-aefc-0168d668f32b,S2B_MSIL2A_20180506T105029_N0207_R051_T31UDP_20180509T155709.SAFE,2018-05-06 10:50:29.027,51,0.211711,DESCENDING,T31UDP,T31UDP_20180506T105029,05,126,2018
25d56882-4351-4245-a2fb-06e7591955db,S2A_MSIL2A_20180501T105031_N0207_R051_T31UDP_20180501T144449.SAFE,2018-05-01 10:50:31.024,51,65.870419,DESCENDING,T31UDP,T31UDP_20180501T105031,05,121,2018
7ee60ed5-e16e-46a1-ba46-f3a537d5f896,S2B_MSIL2A_20180426T105029_N0207_R051_T31UDP_20180426T144550.SAFE,2018-04-26 10:50:29.027,51,39.428176,DESCENDING,T31UDP,T31UDP_20180426T105029,04,116,2018
f4aa1366-18ba-4250-b7e5-36c30feb07de,S2A_MSIL2A_20180421T105031_N0207_R051_T31UDP_20180421T125911.SAFE,2018-04-21 10:50:31.026,51,7.331764,DESCENDING,T31UDP,T31UDP_20180421T105031,04,111,2018
40ba5226-df04-418f-93e9-277d336efbad,S2B_MSIL2A_20180416T105029_N0207_R051_T31UDP_20180416T131748.SAFE,2018-04-16 10:50:29.027,51,55.072077,DESCENDING,T31UDP,T31UDP_20180416T105029,04,106,2018
713fd352-1d25-42fa-a5da-cc2718b868df,S2A_MSIL2A_20180411T105031_N0207_R051_T31UDP_20180411T161931.SAFE,2018-04-11 10:50:31.026,51,89.818512,DESCENDING,T31UDP,T31UDP_20180411T105031,04,101,2018
2d99a158-630c-42f1-8ff9-691319f4af83,S2B_MSIL2A_20180406T105029_N0207_R051_T31UDP_20180406T125448.SAFE,2018-04-06 10:50:29.027,51,11.133495,DESCENDING,T31UDP,T31UDP_20180406T105029,04,096,2018
42718ec4-f8df-49fe-8872-b3805da10880,S2A_MSIL2A_20180401T105031_N0207_R051_T31UDP_20180401T144530.SAFE,2018-04-01 10:50:31.026,51,85.201833,DESCENDING,T31UDP,T31UDP_20180401T105031,04,091,2018
d72ee14a-f32f-4773-b496-261a6198941b,S2B_MSIL2A_20180327T105019_N0207_R051_T31UDP_20180327T134916.SAFE,2018-03-27 10:50:19.027,51,100.0,DESCENDING,T31UDP,T31UDP_20180327T105019,03,086,2018
